source,url,rating,year
1% of Anything [Something About 1%],http://thefangirlverdict.com/2017/04/29/flash-review-something-about-1-1-of-anything/,B+,2017
18 Again,https://thefangirlverdict.com/2021/01/08/review-18-again/,A,2021
18×2 Beyond Youthful Days [Movie] [Japan-Taiwan],https://thefangirlverdict.com/2024/11/17/flash-review-18x2-beyond-youthful-days-movie-japan-taiwan/,A-,2024
"1st Shop Of Coffee Prince, The [Coffee Prince]",http://thefangirlverdict.com/2019/01/03/review-coffee-prince/,A,2019
20’s [Twenty Years Old],http://thefangirlverdict.com/2015/04/10/flash-review-twenty-years-old-20s/,B+,2015
20th Century Boy And Girl,http://thefangirlverdict.com/2017/12/02/flash-review-20th-century-boy-and-girl/,B,2017
71: Into the Fire [Movie],http://thefangirlverdict.com/2015/03/29/flash-review-71-into-the-fire-movie/,A,2015
9 Seconds: Eternal Time [Web Drama],https://thefangirlverdict.com/2022/02/11/flash-review-9-seconds-eternal-time-web-drama/,B+,2022
A Bad Family [Drama Special],https://thefangirlverdict.com/2021/08/30/flash-review-a-bad-family-drama-special/,A-,2021
A Business Proposal,https://thefangirlverdict.com/2022/05/08/review-a-business-proposal/,B+,2022
A Calm Sea and Beautiful Days with You [Japan],https://thefangirlverdict.com/2025/09/14/review-a-calm-sea-and-beautiful-days-with-you-japan/,A-,2025
A Couple’s World [World Of The Married],http://thefangirlverdict.com/2020/07/21/review-a-couples-world-world-of-the-married/,A-,2020
A Dream Of Splendor [China],https://thefangirlverdict.com/2022/09/18/review-a-dream-of-splendor-china/,B+,2022
A Dream Within A Dream [China],https://thefangirlverdict.com/2025/11/02/review-a-dream-within-a-dream-china/,B+,2025
A Gentleman’s Dignity,http://thefangirlverdict.com/2012/12/12/review-a-gentlemans-dignity/,B-,2012
A Jaunt [Drama Special],https://thefangirlverdict.com/2020/12/18/flash-review-a-jaunt-drama-special/,B++,2020
A Journey To Love [China],https://thefangirlverdict.com/2024/03/04/review-a-journey-to-love-china/,B+,2024
A Love So Beautiful [China],http://thefangirlverdict.com/2018/01/04/flash-review-a-love-so-beautiful-china/,A-,2018
A Melody To Remember [Movie],https://thefangirlverdict.com/2022/05/23/flash-review-a-melody-to-remember-movie/,A,2022
A Moment At Eighteen [At Eighteen],http://thefangirlverdict.com/2020/04/21/review-at-eighteen-a-moment-at-eighteen/,A-,2020
A Piece Of Your Mind,http://thefangirlverdict.com/2020/07/03/review-a-piece-of-your-mind/,B+,2020
A Poem A Day [You Who Forgot Poetry],http://thefangirlverdict.com/2018/08/04/flash-review-a-poem-a-day-you-who-forgot-poetry/,B,2018
A Rose And A Tulip [Japan] [Movie],https://thefangirlverdict.com/2022/03/13/flash-review-a-rose-and-a-tulip-japan-movie/,B,2022
A Sharply Graceful Girl [Japan],http://thefangirlverdict.com/2020/03/31/flash-review-a-sharply-graceful-girl-japan/,B,2020
A Thousand Goodnights [Taiwan],https://thefangirlverdict.com/2021/06/18/flash-review-a-thousand-goodnights-taiwan/,B+,2021
A Time Called You,https://thefangirlverdict.com/2023/11/27/review-a-time-called-you/,B,2023
A Werewolf Boy [Movie],http://thefangirlverdict.com/2016/04/07/flash-review-a-werewolf-boy-movie/,A-,2016
A Virtuous Business,https://thefangirlverdict.com/2024/12/02/review-a-virtuous-business/,B+,2024
Across The Ocean To See You [China],http://thefangirlverdict.com/2018/04/17/flash-review-across-the-ocean-to-see-you-china/,C-,2018
Adoring [China] [Movie],https://thefangirlverdict.com/2022/01/02/flash-review-adoring-china-movie/,B+,2022
"Advisors Alliance, The [China]",http://thefangirlverdict.com/2018/02/15/dropped-the-advisors-alliance-china/,D,2018
After The Rain [Drama Special],https://thefangirlverdict.com/2021/05/03/flash-review-after-the-rain-drama-special/,B++,2021
"Age Of Youth [Hello, My Twenties!]",http://thefangirlverdict.com/2017/03/16/flash-review-age-of-youth/,B++,2017
"Age Of Youth 2 [Hello, My Twenties! 2]",http://thefangirlverdict.com/2018/03/26/review-age-of-youth-2/,B++,2018
Ajoomma [Movie] [Singapore-Korea],https://thefangirlverdict.com/2023/12/25/flash-review-ajoomma-movie-singapore-korea/,B+,2023
Alchemy Of Souls,https://thefangirlverdict.com/2022/09/11/review-alchemy-of-souls/,B++,2022
Alchemy Of Souls: Light And Shadow,https://thefangirlverdict.com/2023/01/16/review-alchemy-of-souls-light-and-shadow/,B++,2023
All About Eve,http://thefangirlverdict.com/2014/02/24/review-all-about-eve/,A-,2014
Always [Only You] [Movie],https://thefangirlverdict.com/2021/10/29/flash-review-always-only-you-movie/,B+,2021
Always Home [China],https://thefangirlverdict.com/2025/07/06/review-always-home-china/,B++,2025
An Empress’s Dignity [The Last Empress],http://thefangirlverdict.com/2019/02/27/flash-review-the-last-empress-an-empresss-dignity/,B,2019
An Incurable Case Of Love [Love Lasts Forever] [Japan],http://thefangirlverdict.com/2020/06/30/flash-review-love-lasts-forever-an-incurable-case-of-love-japan/,B-,2020
Angel’s Last Mission: Love,http://thefangirlverdict.com/2019/07/12/dropped-angels-last-mission-love/,D,2019
Angry Mom,http://thefangirlverdict.com/2015/06/01/review-angry-mom/,A,2015
Another Oh Hae Young [Oh Hae Young Again],http://thefangirlverdict.com/2016/07/05/review-oh-hae-young-again-another-oh-hae-young/,A-,2016
"Answer Me, 1988 [Reply 1988]",http://thefangirlverdict.com/2016/02/21/review-answer-me-1988-reply-1988/,A,2016
"Answer Me, 1994 [Reply 1994]",http://thefangirlverdict.com/2015/04/01/review-answer-me-1994-reply-1994/,A-,2015
"Answer Me, 1997 [Reply 1997]",http://thefangirlverdict.com/2012/12/15/review-answer-me-1997/,A-,2012
Amidst A Snowstorm Of Love [China],https://thefangirlverdict.com/2024/06/30/review-amidst-a-snowstorm-of-love-china/,B+,2024
Arang and the Magistrate,http://thefangirlverdict.com/2012/12/12/review-arang-and-the-magistrate/,A,2012
Are You Human Too?,http://thefangirlverdict.com/2018/08/18/review-are-you-human-too/,B+,2018
As One [Movie],https://thefangirlverdict.com/2021/11/09/flash-review-as-one-movie/,A-,2021
Ashes Of Love [China],http://thefangirlverdict.com/2019/04/12/dropped-ashes-of-love-china/,D,2019
"At A Distance, Spring Is Green",https://thefangirlverdict.com/2021/11/29/dropped-at-a-distance-spring-is-green/,D,2021
At Eighteen [A Moment At Eighteen],http://thefangirlverdict.com/2020/04/21/review-at-eighteen-a-moment-at-eighteen/,A-,2020
"Atypical Family, The",https://thefangirlverdict.com/2024/06/23/review-the-atypical-family/,B+,2024
Bad And Crazy,https://thefangirlverdict.com/2022/02/04/dropped-bad-and-crazy/,D,2022
Bad Guys,http://thefangirlverdict.com/2015/01/30/review-bad-guys/,B+,2015
Bad Guys 2 – City Of Evil,http://thefangirlverdict.com/2018/04/03/dropped-bad-guys-2-city-of-evil/,D,2018
"Ballot, The [IntoThe Ring] [Memorials]",https://thefangirlverdict.com/2020/11/13/review-into-the-ring-memorials/,B+,2020
Be Melodramatic [Melo Suits Me],http://thefangirlverdict.com/2019/11/23/review-be-melodramatic-melo-suits-me/,A-,2019
Be Positive [Web Drama],https://thefangirlverdict.com/2021/01/25/flash-review-be-positive-web-drama/,B-,2021
Beating Again [Falling For Innocence],http://thefangirlverdict.com/2015/06/30/review-falling-for-innocence/,B+,2015
Beautiful Days,http://thefangirlverdict.com/2013/03/14/review-beautiful-days/,A-,2013
Beautiful Gong Shim,http://thefangirlverdict.com/2016/07/13/dropped-beautiful-gong-shim/,D,2016
"Beauty Inside, The [Drama]",http://thefangirlverdict.com/2018/12/19/review-beauty-inside/,B+,2018
"Beauty Inside, The [Movie]",http://thefangirlverdict.com/2016/01/06/flash-review-beauty-inside-movie/,B,2016
Because It’s The First Time,http://thefangirlverdict.com/2015/12/21/flash-review-because-its-the-first-time/,B+,2015
Because This Is My First Life [This Life Is Our First],http://thefangirlverdict.com/2017/12/04/flash-review-because-this-is-my-first-life/,A-,2017
Beloved Eun Dong [My Love Eun Dong],http://thefangirlverdict.com/2015/08/17/review-my-love-eun-dong/,B-,2015
"Best Day Of My Life, The [China]",https://thefangirlverdict.com/2025/01/31/flash-review-the-best-day-of-my-life-china/,B-,2025
"Best Hit, The",http://thefangirlverdict.com/2017/10/28/flash-review-the-best-hit/,B-,2017
"Best Thing, The [China]",https://thefangirlverdict.com/2025/05/25/review-the-best-thing-china/,B+,2025
Beyond Evil [Monster],https://thefangirlverdict.com/2021/07/04/review-beyond-evil-monster/,A,2021
Beyond Goodbye [Japan],https://thefangirlverdict.com/2025/02/09/flash-review-beyond-goodbye-japan/,B+,2025
Beyond The Bar,https://thefangirlverdict.com/2025/10/05/review-beyond-the-bar/,B+,2025
Big,http://thefangirlverdict.com/2012/12/12/review-big/,B-,2012
Bite Sisters [Web Drama],https://thefangirlverdict.com/2021/11/26/flash-review-bite-sisters-web-drama/,B-,2021
Black Knight,https://thefangirlverdict.com/2023/06/12/flash-review-black-knight/,B+,2023
Blood Free,https://thefangirlverdict.com/2024/06/02/review-blood-free/,B+,2024
Bloody Heart [Red Single Heart],https://thefangirlverdict.com/2022/07/18/review-bloody-heart/,B+,2022
Blossom [China],https://thefangirlverdict.com/2025/03/16/review-blossom-china/,B++,2025
Bo Ra! Deborah [True To Love],https://thefangirlverdict.com/2023/06/04/review-true-to-love-bo-ra-deborah/,B-,2023
"Bon Appetit, Your Majesty",https://thefangirlverdict.com/2025/10/12/review-bon-appetit-your-majesty/,B+,2025
"Bond, The [China]",https://thefangirlverdict.com/2022/01/14/review-the-bond-china/,B++,2022
Boss & Me [Shan Shan Comes To Eat] [China],http://thefangirlverdict.com/2017/11/01/flash-review-shan-shan-comes-to-eat-boss-me-china/,B,2017
Bossam: Steal The Fate,https://thefangirlverdict.com/2021/10/07/review-bossam-steal-the-fate/,B+,2021
Boyfriend [Encounter],http://thefangirlverdict.com/2019/01/19/dropped-boyfriend-encounter/,D,2019
"Breakup Probation, A Week [Mini Series]",https://thefangirlverdict.com/2021/10/22/review-breakup-probation-a-week-mini-series/,B,2021
Bridal Mask [Gaksital],http://thefangirlverdict.com/2013/04/04/review-gaksital-bridal-mask/,A+,2013
Bride In Sneakers [Drama Special],https://thefangirlverdict.com/2021/11/05/flash-review-bride-in-sneakers-drama-special/,B+,2021
Bride of the Century,http://thefangirlverdict.com/2014/04/19/review-bride-of-the-century/,A-,2014
"Bring It On, Ghost [Let’s Fight, Ghost]",http://thefangirlverdict.com/2016/09/30/flash-review-bring-it-on-ghost-lets-fight-ghost/,B,2016
Bromance [TW Drama],http://thefangirlverdict.com/2016/02/26/flash-review-bromance-tw-drama/,B,2016
Buried Hearts,https://thefangirlverdict.com/2025/05/04/review-buried-hearts/,B,2025
"Business Proposal, A",https://thefangirlverdict.com/2022/05/08/review-a-business-proposal/,B+,2022
Call It Love,https://thefangirlverdict.com/2023/05/14/review-call-it-love/,A-,2023
"Calm Sea and Beautiful Days with You, A [Japan]",https://thefangirlverdict.com/2025/09/14/review-a-calm-sea-and-beautiful-days-with-you-japan/,A-,2025
Came To Me And Became A Star [Drama Special],https://thefangirlverdict.com/2021/07/15/flash-review-came-to-me-and-became-a-star-drama-special/,B+,2021
Cantabile Tomorrow [Tomorrow Cantabile] [Nae Il’s Cantabile],http://thefangirlverdict.com/2015/07/20/flash-review-cantabile-tomorrow/,B-,2015
Captivating The King,https://thefangirlverdict.com/2024/05/19/review-captivating-the-king/,B+,2024
Castaway Diva [Full Review],https://thefangirlverdict.com/2023/12/24/review-castaway-diva/,B,2023
Check In Hanyang,https://thefangirlverdict.com/2025/02/02/dropped-check-in-hanyang/,D,2025
Check Out The Event [Please Check The Event] [Drama Special],https://thefangirlverdict.com/2021/10/10/flash-review-check-out-the-event-drama-special/,B-,2021
Cheer Up [Sassy Go Go],http://thefangirlverdict.com/2015/11/29/review-sassy-go-go-cheer-up/,B,2015
Cheese In The Trap,http://thefangirlverdict.com/2016/04/21/flash-review-cheese-in-the-trap/,B-,2016
Chicago Typewriter,http://thefangirlverdict.com/2019/04/11/flash-review-chicago-typewriter/,B++,2019
Chuno [Slave Hunter],http://thefangirlverdict.com/2013/07/27/review-chuno-slave-hunter/,A++,2013
Cinderella at 2 AM,https://thefangirlverdict.com/2024/10/06/review-cinderella-at-2-am/,B,2024
Circle,http://thefangirlverdict.com/2019/07/06/flash-review-circle/,B++,2019
Coffee Prince [The 1st Shop Of Coffee Prince],http://thefangirlverdict.com/2019/01/03/review-coffee-prince/,A,2019
Confession,https://thefangirlverdict.com/2022/04/26/review-confession/,B++,2022
Couple On The Backtrack [Go Back Couple],http://thefangirlverdict.com/2018/01/07/flash-review-go-back-spouses/,B++,2018
"Couple’s World, A [World Of The Married]",http://thefangirlverdict.com/2020/07/21/review-a-couples-world-world-of-the-married/,A-,2020
Crash Course In Romance,https://thefangirlverdict.com/2023/03/12/review-crash-course-in-romance/,B+,2023
Crash Landing On You,http://thefangirlverdict.com/2020/03/06/review-crash-landing-on-you/,B++,2020
"Crowned Clown, The",http://thefangirlverdict.com/2019/03/25/review-the-crowned-clown/,A,2019
Cruel City [Heartless City],http://thefangirlverdict.com/2016/04/01/flash-review-heartless-city-cruel-city/,B+,2016
Cunning Single Lady [Sly and Single Again],http://thefangirlverdict.com/2014/07/24/review-cunning-single-lady-sly-and-single-again/,B+,2014
D.P. [Deserter Pursuit],https://thefangirlverdict.com/2021/10/26/review-d-p-deserter-pursuit/,A-,2021
Daily Dose Of Sunshine,https://thefangirlverdict.com/2024/01/07/review-daily-dose-of-sunshine/,A-,2024
Dali and the Cocky Prince,https://thefangirlverdict.com/2021/12/14/dropped-dali-and-the-cocky-prince/,D,2021
Dating Agency Cyrano,http://thefangirlverdict.com/2015/01/23/review-dating-agency-cyrano/,B-,2015
Dazzling [The Light In Your Eyes] [Radiant],http://thefangirlverdict.com/2019/04/29/flash-review-the-light-in-your-eyes-dazzling/,A,2019
Descendants of the Sun,http://thefangirlverdict.com/2016/05/11/review-descendants-of-the-sun/,B,2016
Designated Survivor: 60 Days,http://thefangirlverdict.com/2019/12/30/flash-review-designated-survivor-60-days/,B+,2019
"Devil Judge, The",https://thefangirlverdict.com/2021/09/20/review-the-devil-judge/,B-,2021
Do You Like Brahms?,https://thefangirlverdict.com/2020/12/10/review-do-you-like-brahms/,B++,2020
Doctor Cha,https://thefangirlverdict.com/2023/07/09/review-doctor-cha/,B+,2023
Doctor Slump,https://thefangirlverdict.com/2024/05/12/review-doctor-slump/,B,2024
Doctors,http://thefangirlverdict.com/2016/11/28/flash-review-doctors/,C+,2016
Doom At Your Service,https://thefangirlverdict.com/2021/07/08/dropped-doom-at-your-service/,D,2021
Doubt,https://thefangirlverdict.com/2025/06/08/review-doubt/,B+,2025
Dr. Romantic 2,https://thefangirlverdict.com/2023/05/21/flash-review-dr-romantic-2/,A-,2023
Dr. Romantic 3,https://thefangirlverdict.com/2023/08/14/review-dr-romantic-3/,B++,2023
Dream High,http://thefangirlverdict.com/2014/05/02/review-dream-high/,A,2014
Dream High 2,http://thefangirlverdict.com/2012/12/27/review-dream-high-2/,D+,2012
"Dream Of Splendor, A [China]",https://thefangirlverdict.com/2022/09/18/review-a-dream-of-splendor-china/,B+,2022
"Dream Within A Dream, A [China]",https://thefangirlverdict.com/2025/11/02/review-a-dream-within-a-dream-china/,B+,2025
Dreaming of a Freaking Fairytale,https://thefangirlverdict.com/2024/07/14/review-dreaming-of-a-freaking-fairytale/,B,2024
"Dude In Me, The [Inside Me] [Movie]",http://thefangirlverdict.com/2019/04/13/flash-review-the-dude-in-me-inside-me-movie/,C++,2019
Dynamite Kiss,https://thefangirlverdict.com/2026/01/11/review-dynamite-kiss/,B++,2026
Eighteen Again,https://thefangirlverdict.com/2021/01/08/review-18-again/,A,2021
Encounter [Boyfriend],http://thefangirlverdict.com/2019/01/19/dropped-boyfriend-encounter/,D,2019
"Equator Man, The",http://thefangirlverdict.com/2013/01/17/review-the-equator-man/,C,2013
"Eternal Love, The [China]",http://thefangirlverdict.com/2017/10/02/flash-review-the-eternal-love-china/,C,2017
Eternal Love: Ten Miles Of Peach Blossoms,http://thefangirlverdict.com/2017/04/13/flash-review-ten-miles-of-peach-blossom-china/,A-,2017
Everything And Nothing [Mini Series],https://thefangirlverdict.com/2022/04/11/flash-review-everything-and-nothing-mini-series/,B+,2022
Ex-Girlfriend Club,http://thefangirlverdict.com/2015/12/02/dropped-ex-girlfriend-club/,D,2015
Extraordinary Attorney Woo,https://thefangirlverdict.com/2022/09/25/review-extraordinary-attorney-woo/,B+,2022
Extraordinary You,http://thefangirlverdict.com/2019/11/29/dropped-extraordinary-you/,D,2019
EXO Next Door,http://thefangirlverdict.com/2016/01/18/flash-review-exo-next-door/,B-,2016
Eye Love You [Japan],https://thefangirlverdict.com/2024/05/26/flash-review-eye-love-you-japan/,B+,2024
Fall In Love At First Kiss 2019 [TW Movie],http://thefangirlverdict.com/2019/03/26/flash-review-fall-in-love-at-first-kiss-2019-tw-movie/,C++,2019
Fall In Love With Me [TW Drama],http://thefangirlverdict.com/2016/05/05/flash-review-fall-in-love-with-me-tw-drama/,C+,2016
Falling For Innocence [Beating Again],http://thefangirlverdict.com/2015/06/30/review-falling-for-innocence/,B+,2015
Falling Into You [China],https://thefangirlverdict.com/2024/07/28/flash-review-falling-into-you-china/,B+,2024
Familiar Wife,http://thefangirlverdict.com/2018/11/28/flash-review-familiar-wife/,B++,2018
Family By Choice,https://thefangirlverdict.com/2024/12/15/review-family-by-choice/,A-,2024
"Fan Letter, Please",https://thefangirlverdict.com/2023/03/13/flash-review-fan-letter-please/,B+,2023
Fated To Love You [You Are My Destiny],http://thefangirlverdict.com/2014/10/20/review-fated-to-love-you/,A-,2014
Fates and Furies,http://thefangirlverdict.com/2019/03/05/flash-review-fates-and-furies/,B-,2019
Father Is Strange,http://thefangirlverdict.com/2017/09/11/flash-review-father-is-strange/,A,2017
Feelings [Neukkim],http://thefangirlverdict.com/2014/11/06/review-feelings-neukkim/,B,2014
Fermentation Family [Kimchi Family],http://thefangirlverdict.com/2012/12/12/review-fermentation-family/,B+,2012
Fight My Way,http://thefangirlverdict.com/2017/10/05/review-fight-my-way/,B++,2017
"Final Match, The [Last Match]",http://thefangirlverdict.com/2015/05/25/flash-review-the-final-match-last-match/,B-,2015
Find Me In Your Memory [Memoir Of The Man],https://thefangirlverdict.com/2020/09/12/review-find-me-in-your-memory/,B+,2020
Find Yourself [China],http://thefangirlverdict.com/2020/03/25/review-find-yourself-china/,B+,2020
"First Frost, The [China]",https://thefangirlverdict.com/2025/04/27/review-the-first-frost-china/,B++,2025
"First Half Of My Life, The [China]",http://thefangirlverdict.com/2018/01/12/flash-review-the-first-half-of-my-life-china/,A,2018
First Love Again [China],https://thefangirlverdict.com/2021/10/25/dropped-first-love-again-china/,D,2021
First Love: Hatsukoi [Japan],https://thefangirlverdict.com/2023/01/08/review-first-love-hatsukoi-japan/,A,2023
"First Night with the Duke, The",https://thefangirlverdict.com/2025/08/03/review-the-first-night-with-the-duke/,B,2025
Five Children [Five Enough],http://thefangirlverdict.com/2016/12/03/flash-review-five-children-five-enough/,B+,2016
Flower Boy Next Door,http://thefangirlverdict.com/2013/06/15/review-flower-boy-next-door/,B-,2013
Flower Of Evil,https://thefangirlverdict.com/2020/11/21/review-flower-of-evil/,B,2020
Forecasting Love And Weather,https://thefangirlverdict.com/2022/07/10/dropped-forecasting-love-and-weather/,D,2022
Forever Love [China],https://thefangirlverdict.com/2024/09/16/flash-review-forever-love-china/,B,2024
Fox Bride Star [Where Stars Land],http://thefangirlverdict.com/2018/12/04/review-fox-bride-star-where-stars-land/,B,2018
"Full-Time Wife Escapist, The [Japan] [We Married As A Job]",https://thefangirlverdict.com/2017/09/14/flash-review-we-married-as-a-job-japan/,A-,2017
Gaksital [Bridal Mask],http://thefangirlverdict.com/2013/04/04/review-gaksital-bridal-mask/,A+,2013
"Gentleman’s Dignity, A",http://thefangirlverdict.com/2012/12/12/review-a-gentlemans-dignity/,B-,2012
"Girl Who Sees Smells, The [Sensory Couple]",http://thefangirlverdict.com/2015/06/23/flash-review-sensory-couple-the-girl-who-sees-smells/,C+,2015
Girls’ Generation 1979 [Lingerie Girls’ Generation],http://thefangirlverdict.com/2017/10/23/flash-review-lingerie-girls-generation-girls-generation-1979/,A-,2017
Glass Heart [Japan],https://thefangirlverdict.com/2025/10/26/guest-post-flash-review-glass-heart-japan/,B+,2025
"Glory, The [Part 1]",https://thefangirlverdict.com/2023/02/27/review-the-glory-part-1/,B++,2023
"Glory, The [Part 2]",https://thefangirlverdict.com/2023/04/16/review-the-glory-part-2/,B+,2023
Go Ahead [China],https://thefangirlverdict.com/2023/11/12/flash-review-go-ahead-china/,A,2023
Go Back Spouses [Go Back Couple],http://thefangirlverdict.com/2018/01/07/flash-review-go-back-spouses/,B++,2018
Go Go Squid! [China],http://thefangirlverdict.com/2019/10/25/flash-review-go-go-squid-china/,B,2019
"Go Ho’s Starry Night [Gogh, The Starry Night]",http://thefangirlverdict.com/2016/11/10/flash-review-go-hos-starry-night/,B+,2016
Going To You At A Speed Of 493km [Love All Play],https://thefangirlverdict.com/2022/06/27/dropped-love-all-play/,D,2022
Good Boy,https://thefangirlverdict.com/2025/08/10/review-good-boy/,C+,2025
Goong [Princess Hours],http://thefangirlverdict.com/2015/08/13/review-goong-princess-hours/,B+,2015
Goong S [Prince Hours],http://thefangirlverdict.com/2015/11/02/flash-review-goong-s-prince-hours/,C+,2015
Graceful Family,http://thefangirlverdict.com/2020/01/09/dropped-graceful-family/,D,2020
Greasy Melo [Wok Of Love],http://thefangirlverdict.com/2018/06/16/dropped-greasy-melo-wok-of-love/,D ,2018
Gunman In Joseon [Joseon Gunman],http://thefangirlverdict.com/2015/05/05/flash-review-joseon-gunman/,B,2015
Haeundae Lovers,http://thefangirlverdict.com/2014/09/05/review-haeundae-lovers/,C+,2014
Handmade Love [Web Drama],https://thefangirlverdict.com/2021/05/17/flash-review-handmade-love-web-drama/,B,2021
Happiness,https://thefangirlverdict.com/2022/02/10/review-happiness/,B++,2022
"Haunted Palace, The",https://thefangirlverdict.com/2025/06/15/review-the-haunted-palace/,B+,2025
Healer,http://thefangirlverdict.com/2016/07/22/review-healer/,A+,2016
Heartbeat,https://thefangirlverdict.com/2023/10/08/review-heartbeat/,B,2023
Heartless City [Cruel City],http://thefangirlverdict.com/2016/04/01/flash-review-heartless-city-cruel-city/,B+,2016
Heart To Heart,http://thefangirlverdict.com/2015/04/30/review-heart-to-heart/,B+,2015
Heavenly Ever After,https://thefangirlverdict.com/2025/05/18/dropped-heavenly-ever-after/,D,2025
"Heavenly Idol, The",https://thefangirlverdict.com/2023/04/23/review-the-heavenly-idol/,C+,2023
Heirs [The Heirs],http://thefangirlverdict.com/2014/01/31/review-heirs/,C+,2014
Hellbound,https://thefangirlverdict.com/2022/01/17/review-hellbound/,B,2022
"Hello, Me!",https://thefangirlverdict.com/2021/10/18/review-hello-me/,B++,2021
"Hello, My Twenties! [Age Of Youth]",http://thefangirlverdict.com/2017/03/16/flash-review-age-of-youth/,B++,2017
"Hello, My Twenties! 2 [Age Of Youth 2]",http://thefangirlverdict.com/2018/03/26/review-age-of-youth-2/,B++,2018
Her Lovely Heels,http://thefangirlverdict.com/2014/10/07/review-her-lovely-heels/,C-,2014
Her Private Life,http://thefangirlverdict.com/2019/06/13/review-her-private-life/,B++,2019
Here’s My Plan,https://thefangirlverdict.com/2021/06/25/flash-review-heres-my-plan-drama-special/,B++,2021
Hey Ana! Let’s Eat! [Web Drama],https://thefangirlverdict.com/2021/02/27/flash-review-lets-eat-something-anna-web-drama/,B+,2021
"Hi Bye, Mama!",http://thefangirlverdict.com/2020/09/07/review-hi-bye-mama/,B+,2020
Hi Venus [China],https://thefangirlverdict.com/2023/12/03/flash-review-hi-venus-china/,B+,2023
Hidden Identity,http://thefangirlverdict.com/2015/08/20/dropped-hidden-identity/,D,2015
Hidden Love [China],https://thefangirlverdict.com/2023/08/27/review-hidden-love-china/,A-,2023
High-end Crush,http://thefangirlverdict.com/2016/03/10/dropped-high-end-crush/,D,2016
High School King,http://thefangirlverdict.com/2014/12/24/review-high-school-king/,C,2014
High School Love On,http://thefangirlverdict.com/2015/02/22/dropped-high-school-love-on/,D,2015
High Society,http://thefangirlverdict.com/2015/08/03/flash-review-high-society/,C,2015
History of the Salaryman,http://thefangirlverdict.com/2012/12/12/review-history-of-the-salaryman/,B+,2012
Ho Goo’s Love,http://thefangirlverdict.com/2015/05/21/dropped-ho-goos-love/,D,2015
Hold My Hand At Twilight [Japan],https://thefangirlverdict.com/2024/07/07/review-hold-my-hand-at-twilight-japan/,B+,2024
Home Sweet Home [Drama Special],https://thefangirlverdict.com/2020/11/25/flash-review-home-sweet-home-drama-special/,B+,2020
Hometown Cha Cha Cha,https://thefangirlverdict.com/2021/11/28/review-hometown-cha-cha-cha/,B++ ,2021
Homme Fatale [Movie],https://thefangirlverdict.com/2022/05/09/flash-review-homme-fatale-movie/,B+,2022
Hospital Playlist,http://thefangirlverdict.com/2020/07/16/review-hospital-playlist/,A-,2020
Hospital Playlist 2,https://thefangirlverdict.com/2021/09/19/review-hospital-playlist-2/,A-,2021
Hot Stove League,http://thefangirlverdict.com/2020/03/30/flash-review-stove-league/,B++,2020
Hot Young Bloods [Movie],http://thefangirlverdict.com/2014/05/21/review-hot-young-bloods-hot-blooded-youth/,A-,2014
Hotel Del Luna,http://thefangirlverdict.com/2020/02/15/review-hotel-del-luna/,B-,2020
How Long Will I Love U [Chinese Movie],http://thefangirlverdict.com/2019/02/20/flash-review-how-long-will-i-love-u-chinese-movie/,B+,2019
Human Disqualification [Lost],https://thefangirlverdict.com/2021/12/04/review-lost-human-disqualification/,A,2021
Hundred Million Stars From The Sky [The Smile Has Left Your Eyes],http://thefangirlverdict.com/2019/05/28/flash-review-the-smile-has-left-your-eyes-hundred-million-stars-from-the-sky/,B,2019
Hwarang,http://thefangirlverdict.com/2017/04/27/dropped-hwarang/,D,2017
"Hyde, Jekyll, Me",http://thefangirlverdict.com/2015/05/12/dropped-hyde-jekyll-me/,D,2015
Hyena,http://thefangirlverdict.com/2020/06/23/review-hyena/,B,2020
Hymn Of Death [Mini Series],https://thefangirlverdict.com/2022/05/20/flash-review-hymn-of-death-mini-series/,B+,2022
I Can Speak [Movie],http://thefangirlverdict.com/2018/05/07/flash-review-i-can-speak-movie/,A-,2018
"I Do, I Do",http://thefangirlverdict.com/2013/01/15/review-i-do-i-do/,B-,2013
I Hear Your Voice [I Can Hear Your Voice],http://thefangirlverdict.com/2013/10/11/review-i-hear-your-voice/,A+,2013
I Know I Love You [China],https://thefangirlverdict.com/2024/02/26/review-i-know-i-love-you-china/,B++,2024
I Miss You [Missing You],http://thefangirlverdict.com/2014/12/27/dropped-i-miss-you/,D,2014
I Need Romance 2012,http://thefangirlverdict.com/2013/02/09/review-i-need-romance-2012/,C-,2013
I Need Romance 3,http://thefangirlverdict.com/2014/07/31/review-i-need-romance-3/,B-,2014
I Order You,http://thefangirlverdict.com/2015/10/29/dropped-i-order-you/,D,2015
I’ll Find You When The Weather Is Nice [When The Weather Is Fine],http://thefangirlverdict.com/2020/06/25/review-when-the-weather-is-fine-ill-find-you-when-the-weather-is-nice/,B,2020
I’m Dying Soon [Drama Special],https://thefangirlverdict.com/2021/12/07/flash-review-im-dying-soon-drama-special/,B,2021
I’m Not A Robot,http://thefangirlverdict.com/2018/02/06/flash-review-im-not-a-robot/,B+,2018
If We Were A Season [Drama Special],http://thefangirlverdict.com/2018/03/23/flash-review-if-we-were-a-season-drama-special/,B+,2018
If You Wish Upon Me [Tell Me Your Wish],https://thefangirlverdict.com/2022/11/20/review-if-you-wish-upon-me/,B+,2022
Imaginary Cat,http://thefangirlverdict.com/2016/01/24/flash-review-imaginary-cat/,B,2016
"Impossible Heir, The",https://thefangirlverdict.com/2024/03/19/dropped-the-impossible-heir/,D,2024
In House Marriage Honey [Japan],https://thefangirlverdict.com/2021/02/12/flash-review-shanai-marriage-honey-japan/,B+,2021
In Time With You [Taiwan],http://thefangirlverdict.com/2019/08/23/flash-review-in-time-with-you-taiwan/,A-,2019
Incomplete Life [Misaeng],http://thefangirlverdict.com/2015/03/30/review-misaeng/,A,2015
"Innocent Man, The [Nice Guy]",http://thefangirlverdict.com/2015/05/15/flash-review-nice-guy-the-innocent-man/,B,2015
Inseparable Bros [Movie],https://thefangirlverdict.com/2022/05/27/flash-review-inseparable-bros-movie/,A,2022
IntoThe Ring [Memorials] [The Ballot],https://thefangirlverdict.com/2020/11/13/review-into-the-ring-memorials/,B+,2020
"It’s Okay It’s Love [It’s Okay, That’s Love]",http://thefangirlverdict.com/2014/12/01/review-its-okay-its-love/,B+,2014
It’s Okay To Not Be Okay [Psycho But It’s Okay],https://thefangirlverdict.com/2020/09/23/review-its-okay-to-not-be-okay/,A,2020
Itaewon Class,http://thefangirlverdict.com/2020/05/05/review-itaewon-class/,B+,2020
"Jang Ok Jung, Live in Love",http://thefangirlverdict.com/2015/02/08/flash-review-jang-ok-jung-live-in-love/,B++,2015
"Jaunt, A [Drama Special]",https://thefangirlverdict.com/2020/12/18/flash-review-a-jaunt-drama-special/,B++,2020
Jeongnyeon: The Star is Born,https://thefangirlverdict.com/2024/12/08/review-jeongnyeon-the-star-is-born/,B++,2024
Josée [Korea] [Movie],https://thefangirlverdict.com/2021/08/15/flash-review-josee-korea-movie/,B,2021
Joseon Gunman [Gunman In Joseon],http://thefangirlverdict.com/2015/05/05/flash-review-joseon-gunman/,B,2015
"Journey To Love, A [China]",https://thefangirlverdict.com/2024/03/04/review-a-journey-to-love-china/,B+,2024
"Judge From Hell, The",https://thefangirlverdict.com/2024/11/24/review-the-judge-from-hell/,B+,2024
Just Between Lovers [Rain Or Shine],http://thefangirlverdict.com/2018/03/31/flash-review-just-between-lovers/,B+,2018
Just You [TW Drama],http://thefangirlverdict.com/2016/07/15/flash-review-just-you-tw-drama/,B,2016
Juvenile Justice,https://thefangirlverdict.com/2022/07/25/flash-review-juvenile-justice/,B,2022
"K2, The",http://thefangirlverdict.com/2017/02/06/dropped-the-k2/,D,2017
Kang Deoksun’s Love History [Drama Special],https://thefangirlverdict.com/2021/04/25/flash-review-kang-deoksuns-love-history-drama-special/,A-,2021
Keys To The Heart [Korean Movie],http://thefangirlverdict.com/2018/09/23/flash-review-keys-to-the-heart-korean-movie/,A,2018
Kimchi Family [Fermentation Family],http://thefangirlverdict.com/2012/12/12/review-fermentation-family/,B+,2012
"King 2 Hearts, The",http://thefangirlverdict.com/2012/12/12/review-the-king-2-hearts/,A,2012
"King Loves, The",http://thefangirlverdict.com/2017/10/20/review-the-king-loves/,B,2017
King of Dramas [The Lord of the Drama],http://thefangirlverdict.com/2013/09/23/review-king-of-dramas/,A-,2013
King The Land,https://thefangirlverdict.com/2023/08/21/review-king-the-land/,B,2023
"King: Eternal Monarch, The",https://thefangirlverdict.com/2020/10/25/review-the-king-eternal-monarch/,B,2020
"King’s Affection, The",https://thefangirlverdict.com/2022/02/17/review-the-kings-affection/,B,2022
"King’s Daughter, Soo Baek Hyang",http://thefangirlverdict.com/2015/02/26/review-kings-daughter-soo-baek-hyang/,B,2015
Kiss Goblin [Web Drama],https://thefangirlverdict.com/2021/11/19/flash-review-kiss-goblin-web-drama/,B+,2021
Knight Flower,https://thefangirlverdict.com/2024/03/10/review-knight-flower/,B++,2024
Kpop Demon Hunters [Movie],https://thefangirlverdict.com/2025/07/20/flash-review-kpop-demon-hunters-movie/,B+,2025
"Last Empress, The [An Empress’s Dignity]",http://thefangirlverdict.com/2019/02/27/flash-review-the-last-empress-an-empresss-dignity/,B,2019
Last Match [The Final Match],https://thefangirlverdict.com/2015/05/25/flash-review-the-final-match-last-match/,B-,2015
Law and the City,https://thefangirlverdict.com/2025/08/24/review-law-and-the-city/,B+,2025
Lawless Lawyer [Lawless Attorney],http://thefangirlverdict.com/2018/07/26/flash-review-lawless-lawyer-lawless-attorney/,B+,2018
Leave Me Not [Must You Go?] [Web Drama],https://thefangirlverdict.com/2021/04/02/flash-review-must-you-go-web-drama/,B-,2021
Legend of the Female General [China],https://thefangirlverdict.com/2025/11/09/review-legend-of-the-female-general-china/,B+,2025
Lesson In Love [Taiwan],https://thefangirlverdict.com/2023/04/10/flash-review-lesson-in-love-taiwan/,B,2023
Let Us Meet [Drama Special],https://thefangirlverdict.com/2021/03/19/flash-review-let-us-meet-drama-special/,B++,2021
Let’s Eat,http://thefangirlverdict.com/2014/05/28/review-lets-eat/,B,2014
Let’s Eat 2,http://thefangirlverdict.com/2015/06/08/review-lets-eat-2/,B+,2015
Let’s Eat 3,http://thefangirlverdict.com/2018/12/20/flash-review-lets-eat-3/,C+,2018
"Let’s Eat Something, Anna [Web Drama]",https://thefangirlverdict.com/2021/02/27/flash-review-lets-eat-something-anna-web-drama/,B+,2021
"Let’s Fight, Ghost [Bring It On, Ghost]",http://thefangirlverdict.com/2016/09/30/flash-review-bring-it-on-ghost-lets-fight-ghost/,B,2016
Liar Game,http://thefangirlverdict.com/2015/02/06/flash-review-liar-game/,C+,2015
Lie After Lie,https://thefangirlverdict.com/2021/02/23/review-lie-after-lie/,B+,2021
Life Is Beautiful,http://thefangirlverdict.com/2013/01/19/review-life-is-beautiful/,A+,2013
Life On Mars,http://thefangirlverdict.com/2018/08/28/flash-review-life-on-mars/,A-,2018
"Light In Your Eyes, The [Dazzling] [Radiant]",http://thefangirlverdict.com/2019/04/29/flash-review-the-light-in-your-eyes-dazzling/,A,2019
Light Shop,https://thefangirlverdict.com/2025/01/26/flash-review-light-shop/,B++,2025
Lighting Up The Stars [Movie] [China],https://thefangirlverdict.com/2023/12/31/flash-review-lighting-up-the-stars-china/,A,2023
Like Flowers in Sand,https://thefangirlverdict.com/2024/10/27/review-like-flowers-in-sand/,B++,2024
Lingerie Girls’ Generation [Girls’ Generation 1979],http://thefangirlverdict.com/2017/10/23/flash-review-lingerie-girls-generation-girls-generation-1979/,A-,2017
Little Forest [Korean Movie],http://thefangirlverdict.com/2018/09/15/flash-review-little-forest-korean-movie/,B+,2018
Little Women,https://thefangirlverdict.com/2022/10/16/review-little-women/,B++,2022
"Longest Day in Chang’an, The [China]",http://thefangirlverdict.com/2019/12/20/flash-review-the-longest-day-in-changan-china/,B+,2019
"Lord of the Drama, The [King of Dramas]",http://thefangirlverdict.com/2013/09/23/review-king-of-dramas/,A-,2013
Lost [Human Disqualification],https://thefangirlverdict.com/2021/12/04/review-lost-human-disqualification/,A,2021
Lost You Forever [China],https://thefangirlverdict.com/2023/11/05/dropped-lost-you-forever-china/,D,2023
LOVE [Taiwan] [Movie],https://thefangirlverdict.com/2022/02/14/flash-review-love-taiwan-movie/,B+,2022
Love All Play [Going To You At A Speed Of 493km],https://thefangirlverdict.com/2022/06/27/dropped-love-all-play/,D,2022
Love And Destiny [China],http://thefangirlverdict.com/2020/04/04/dropped-love-and-destiny-china/,D,2020
Love Between Fairy And Devil [China],https://thefangirlverdict.com/2022/11/13/review-love-between-fairy-and-devil-china/,B++,2022
Love Cells,http://thefangirlverdict.com/2014/12/18/flash-review-love-cells/,B-,2014
Love For A Thousand More,http://thefangirlverdict.com/2016/12/29/flash-review-love-for-a-thousand-more/,B,2016
Love In Contract,https://thefangirlverdict.com/2022/11/27/review-love-in-contract/,B,2022
Love In The Moonlight [Moonlight Drawn By Clouds],http://thefangirlverdict.com/2016/11/24/review-moonlight-drawn-by-clouds/,A,2016
Love Is An Accident [China],https://thefangirlverdict.com/2023/10/22/dropped-love-is-an-accident-china/,D,2023
Love Is For Suckers,https://thefangirlverdict.com/2022/12/11/review-love-is-for-suckers/,B,2022
Love Is Sweet [China],https://thefangirlverdict.com/2020/12/03/flash-review-love-is-sweet-china/,B-,2020
"Love Knot: His Excellency’s First Love, The [Moonshine And Valentine] [China]",http://thefangirlverdict.com/2018/06/30/flash-review-moonshine-and-valentine-the-love-knot-his-excellencys-first-love-china/,C+,2018
Love Lasts Forever [An Incurable Case Of Love] [Japan],http://thefangirlverdict.com/2020/06/30/flash-review-love-lasts-forever-an-incurable-case-of-love-japan/,B-,2020
Love Like The Galaxy [China],https://thefangirlverdict.com/2022/11/06/review-love-like-the-galaxy-china/,A,2022
Love Me If You Dare [China],http://thefangirlverdict.com/2017/09/13/dropped-love-me-if-you-dare-china/,D,2017
Love Next Door,https://thefangirlverdict.com/2024/10/20/review-love-next-door/,B+,2024
Love O2O [China],http://thefangirlverdict.com/2017/04/26/flash-review-love-o2o-china/,B+,2017
Love Rain,http://thefangirlverdict.com/2012/12/12/review-love-rain/,C,2012
Love Scout,https://thefangirlverdict.com/2025/02/23/review-love-scout/,A-,2025
"Love So Beautiful, A [China]",http://thefangirlverdict.com/2018/01/04/flash-review-a-love-so-beautiful-china/,A-,2018
Love To Hate You,https://thefangirlverdict.com/2023/04/30/flash-review-love-to-hate-you/,B+,2023
"Love You Give Me, The [China]",https://thefangirlverdict.com/2023/09/24/flash-review-the-love-you-give-me-china/,B+,2023
Lovely Runner,https://thefangirlverdict.com/2024/06/09/review-lovely-runner/,A,2024
Lovers Of The Red Sky,https://thefangirlverdict.com/2021/10/21/dropped-lovers-of-the-red-sky/,D,2021
Lovestruck In The City,https://thefangirlverdict.com/2021/02/16/dropped-lovestruck-in-the-city/,D,2021
Lucky Romance,http://thefangirlverdict.com/2016/07/27/flash-review-lucky-romance/,C+,2016
Mad For Each Other,https://thefangirlverdict.com/2021/09/07/review-mad-for-each-other/,B++,2021
"Magician, The [Movie]",http://thefangirlverdict.com/2016/03/22/flash-review-the-magician-movie/,B-,2016
"Makanai, The: Cooking for the Maiko House [Japan]",https://thefangirlverdict.com/2023/02/19/review-the-makanai-cooking-for-the-maiko-house-japan/,B++,2023
Marriage Contract,http://thefangirlverdict.com/2016/05/14/review-marriage-contract/,B+,2016
Marriage Not Dating,http://thefangirlverdict.com/2015/03/13/review-marriage-not-dating-marriage-without-dating/,A,2015
Marry Me! [Japan],https://thefangirlverdict.com/2020/12/25/flash-review-marry-me-japan/,B+,2020
Marry My Husband,https://thefangirlverdict.com/2024/03/17/review-marry-my-husband/,B+,2024
Mask,http://thefangirlverdict.com/2015/08/10/flash-review-mask/,C++,2015
Master’s Sun,http://thefangirlverdict.com/2014/03/14/review-masters-sun/,B-,2014
Meet Me @ 1006 [Taiwan],http://thefangirlverdict.com/2019/11/14/dropped-meet-me-1006-taiwan/,D,2019
Meet Yourself [China],https://thefangirlverdict.com/2023/04/08/review-meet-yourself-china/,B++,2023
Melancholia,https://thefangirlverdict.com/2021/12/30/dropped-melancholia/,D,2021
Melo Movie,https://thefangirlverdict.com/2025/03/23/review-melo-movie/,B+,2025
Melo Suits Me [Be Melodramatic],http://thefangirlverdict.com/2019/11/23/review-be-melodramatic-melo-suits-me/,A-,2019
"Melody To Remember, A [Movie]",https://thefangirlverdict.com/2022/05/23/flash-review-a-melody-to-remember-movie/,A,2022
Memoir Of The Man [Find Me In Your Memory],https://thefangirlverdict.com/2020/09/12/review-find-me-in-your-memory/,B+,2020
Memorials [IntoThe Ring] [The Ballot],https://thefangirlverdict.com/2020/11/13/review-into-the-ring-memorials/,B+,2020
Memories Of The Alhambra,http://thefangirlverdict.com/2019/01/26/flash-review-memories-of-the-alhambra/,B+,2019
"Midnight Romance in Hagwon, The",https://thefangirlverdict.com/2024/07/21/review-the-midnight-romance-in-hagwon/,B,2024
Miracle In Cell No. 7 [Movie],https://thefangirlverdict.com/2022/06/18/flash-review-miracle-in-cell-no-7-movie/,A+,2022
Miracles of the Namiya General Store [Namiya] [China] [Movie],https://thefangirlverdict.com/2022/02/01/flash-review-namiya-miracles-of-the-namiya-general-store-china-movie/,B+,2022
Mirror Of The Witch,http://thefangirlverdict.com/2016/08/19/flash-review-mirror-of-the-witch/,B-,2016
Misaeng [Incomplete Life],http://thefangirlverdict.com/2015/03/30/review-misaeng/,A,2015
Miss Granny [Movie],http://thefangirlverdict.com/2014/12/26/flash-review-miss-granny/,A+,2014
Miss Kim’s Mystery [Drama Special],https://thefangirlverdict.com/2021/09/28/flash-review-miss-kims-mystery-drama-special/,B+,2021
Miss Korea,http://thefangirlverdict.com/2014/07/26/review-miss-korea/,B+,2014
Miss Night and Day,https://thefangirlverdict.com/2024/08/18/review-miss-night-and-day/,B,2024
Missing You [I Miss You],http://thefangirlverdict.com/2014/12/27/dropped-i-miss-you/,D,2014
Mix [Mixed Doubles] [Japanese Movie],http://thefangirlverdict.com/2018/06/19/flash-review-mix-mixed-doubles-japanese-movie/,B,2018
Modern Girl [Drama Special],https://thefangirlverdict.com/2021/05/21/flash-review-modern-girl-drama-special/,B+,2021
"Moment At Eighteen, A [At Eighteen]",http://thefangirlverdict.com/2020/04/21/review-at-eighteen-a-moment-at-eighteen/,A-,2020
Money Flower,http://thefangirlverdict.com/2018/02/10/review-money-flower/,A-,2018
Monster [Beyond Evil],https://thefangirlverdict.com/2021/07/04/review-beyond-evil-monster/,A,2021
Monthly Magazine Home,https://thefangirlverdict.com/2021/11/15/dropped-monthly-magazine-home/,D,2021
Moon Lovers: Scarlet Heart Ryeo,http://thefangirlverdict.com/2016/11/03/review-moon-lovers-scarlet-heart-ryeo/,C+,2016
"Moon that Embraces the Sun, The",http://thefangirlverdict.com/2012/12/12/review-the-moon-that-embraces-the-sun/,A-,2012
Moonlight Drawn By Clouds [Love In The Moonlight],http://thefangirlverdict.com/2016/11/24/review-moonlight-drawn-by-clouds/,A,2016
Moonshine And Valentine [The Love Knot: His Excellency’s First Love] [China],http://thefangirlverdict.com/2018/06/30/flash-review-moonshine-and-valentine-the-love-knot-his-excellencys-first-love-china/,C+,2018
Moorim School,http://thefangirlverdict.com/2016/03/09/dropped-moorim-school/,D,2016
More Than Friends,https://thefangirlverdict.com/2021/01/27/review-more-than-friends/,B,2021
Motel California,https://thefangirlverdict.com/2025/03/02/review-motel-california/,B+ ,2025
Mother Of Mine [My Prettiest Daughter In The World],http://thefangirlverdict.com/2019/08/06/dropped-mother-of-mine-my-prettiest-daughter-in-the-world/,D,2019
Move To Heaven,https://thefangirlverdict.com/2021/07/21/review-move-to-heaven/,A,2021
Moving,https://thefangirlverdict.com/2023/10/29/review-moving/,A+,2023
Mr. Bad [My Villain Boyfriend] [China],https://thefangirlverdict.com/2022/12/18/review-mr-bad-china/,B,2022
Mr. Plankton,https://thefangirlverdict.com/2024/12/22/review-mr-plankton/,A,2024
Mr. Queen,https://thefangirlverdict.com/2021/04/13/review-mr-queen/,B++,2021
Must You Go? [Web Drama],https://thefangirlverdict.com/2021/04/02/flash-review-must-you-go-web-drama/,B-,2021
Mute [Web Drama],https://thefangirlverdict.com/2020/11/02/flash-review-mute-web-drama/,B+,2020
My Absolute Boyfriend [Korea],http://thefangirlverdict.com/2019/07/07/dropped-my-absolute-boyfriend-korea/,D,2019
My Ahjussi [My Mister],http://thefangirlverdict.com/2018/07/13/review-my-mister-my-ahjussi/,A+,2018
My Beautiful Bride,http://thefangirlverdict.com/2016/03/28/flash-review-my-beautiful-bride/,B,2016
My Brilliant Life [Movie],http://thefangirlverdict.com/2015/03/02/flash-review-my-brilliant-life-movie/,A+,2015
My Country,http://thefangirlverdict.com/2019/12/09/review-my-country/,B++,2019
My Daughter Seo Young,http://thefangirlverdict.com/2016/03/24/flash-review-my-daughter-seo-young/,B+,2016
My Fated Boy [China],https://thefangirlverdict.com/2025/01/05/flash-review-my-fated-boy-china/,B++,2025
My Friend Is Still Alive [Drama Special],http://thefangirlverdict.com/2016/01/10/flash-review-my-friend-is-still-alive-drama-special/,B+,2016
My Happy Home [Drama Special],https://thefangirlverdict.com/2022/05/13/flash-review-my-happy-home-drama-special/,B,2022
My Holo Love,http://thefangirlverdict.com/2020/05/22/flash-review-my-holo-love/,B-,2020
"My Husband Oh Jak Doo [My Husband, Mr. Oh]",http://thefangirlverdict.com/2018/07/02/flash-review-my-husband-oh-jak-doo-my-husband-mr-oh/,C+,2018
My ID is Gangnam Beauty,http://thefangirlverdict.com/2018/09/25/flash-review-my-id-is-gangnam-beauty/,B,2018
Episode 1-3 notes,https://thefangirlverdict.com/2023/09/18/early-access-my-journey-to-you-china-episodes-1-3/,B+,2023
My Liberation Notes,https://thefangirlverdict.com/2022/06/26/review-my-liberation-notes/,B++,2022
My Little Lover [Japan],http://thefangirlverdict.com/2017/09/29/flash-review-my-little-lover-japan/,B,2017
My Love [China] [Movie],https://thefangirlverdict.com/2021/08/08/flash-review-my-love-china-movie/,B+,2021
My Love Eun Dong [Beloved Eun Dong],http://thefangirlverdict.com/2015/08/17/review-my-love-eun-dong/,B-,2015
My Love From Another Star [You From Another Star],http://thefangirlverdict.com/2014/04/26/review-you-from-another-star-my-love-from-another-star/,A+,2014
My Lovely Liar,https://thefangirlverdict.com/2023/10/15/review-my-lovely-liar/,B |,2023
My Mister [My Ahjussi],http://thefangirlverdict.com/2018/07/13/review-my-mister-my-ahjussi/,A+,2018
My Mr. Mermaid [China],http://thefangirlverdict.com/2017/09/30/dropped-my-mr-mermaid-china/,D,2017
My Name,https://thefangirlverdict.com/2021/12/06/review-my-name/,B+,2021
My Perfect Stranger,https://thefangirlverdict.com/2023/07/24/review-my-perfect-stranger/,B++,2023
My Prettiest Daughter In The World [Mother Of Mine],http://thefangirlverdict.com/2019/08/06/dropped-mother-of-mine-my-prettiest-daughter-in-the-world/,D,2019
My Roommate Is A Gumiho,https://thefangirlverdict.com/2021/09/16/review-my-roommate-is-a-gumiho/,B++,2021
My Secret Hotel,http://thefangirlverdict.com/2014/12/15/dropped-my-secret-hotel/,D,2014
My Secret Terius [Terius Behind Me],http://thefangirlverdict.com/2019/02/17/flash-review-terius-behind-me-my-secret-terius/,B,2019
My Sweet Mobster,https://thefangirlverdict.com/2024/08/11/review-my-sweet-mobster/,B++,2024
"My Tomorrow, Your Yesterday [Japanese Movie]",http://thefangirlverdict.com/2017/06/22/flash-review-my-tomorrow-your-yesterday-japanese-movie/,A,2017
My Unfamiliar Family,https://thefangirlverdict.com/2020/10/01/review-my-unfamiliar-family/,B++,2020
My Villain Boyfriend [Mr. Bad] [China],https://thefangirlverdict.com/2022/12/18/review-mr-bad-china/,B,2022
My Youth,https://thefangirlverdict.com/2025/09/21/dropped-my-youth/,D,2025
Mystic Pop-up Bar,http://thefangirlverdict.com/2020/08/12/review-mystic-pop-up-bar/,B+,2020
Nae Il’s Cantabile [Cantabile Tomorrow] [Tomorrow Cantabile],http://thefangirlverdict.com/2015/07/20/flash-review-cantabile-tomorrow/,B-,2015
Namiya [Miracles of the Namiya General Store] [China] [Movie],https://thefangirlverdict.com/2022/02/01/flash-review-namiya-miracles-of-the-namiya-general-store-china-movie/,B+,2022
Navillera,https://thefangirlverdict.com/2021/06/06/review-navillera/,A+,2021
Nemureru Mori no Jukujo [Sleeping Jukujo] [Japan],http://thefangirlverdict.com/2020/02/28/flash-review-nemureru-mori-no-jukujo-sleeping-jukujo-japan/,B+,2020
Neukkim [Feelings],http://thefangirlverdict.com/2014/11/06/review-feelings-neukkim/,B,2014
New Life Begins [China],https://thefangirlverdict.com/2023/02/10/review-new-life-begins-china/,B+,2023
New Year Blues [Korea] [Movie],https://thefangirlverdict.com/2021/08/29/flash-review-new-year-blues-korea-movie/,B+,2021
Nice Guy [The Innocent Man],http://thefangirlverdict.com/2015/05/15/flash-review-nice-guy-the-innocent-man/,B,2015
Nine [Nine: Nine Time Travels],http://thefangirlverdict.com/2013/07/12/review-nine-nine-nine-time-travels/,A-,2013
Nirvana In Fire [Chinese Drama],http://thefangirlverdict.com/2015/12/09/flash-review-nirvana-in-fire-chinese-drama/,A++,2015
Nirvana In Fire 2: The Wind Blows In Chang Lin [China],http://thefangirlverdict.com/2018/09/06/flash-review-nirvana-in-fire-2-the-wind-blows-in-chang-lin-china/,A,2018
No Gain No Love,https://thefangirlverdict.com/2024/10/13/review-no-gain-no-love/,B,2024
No Way Out: The Roulette,https://thefangirlverdict.com/2024/09/08/review-no-way-out-the-roulette/,B,2024
"Noble, My Love",http://thefangirlverdict.com/2015/10/02/flash-review-noble-my-love/,B,2015
Nothing But You [China],https://thefangirlverdict.com/2023/06/25/review-nothing-but-you-china/,B++,2023
Number Of Cases [More Than Friends],https://thefangirlverdict.com/2021/01/27/review-more-than-friends/,B,2021
Off The Course [Drama Special],https://thefangirlverdict.com/2021/04/09/flash-review-off-the-course-drama-special/,B++,2021
Officer Black Belt [Movie],https://thefangirlverdict.com/2025/06/29/flash-review-officer-black-belt-moviekorea/,B+,2025
Oh Hae Young Again [Another Oh Hae Young],http://thefangirlverdict.com/2016/07/05/review-oh-hae-young-again-another-oh-hae-young/,A-,2016
Oh My Baby,http://thefangirlverdict.com/2020/08/30/review-oh-my-baby/,B,2020
Oh My Ghostess [Oh My Ghost],http://thefangirlverdict.com/2015/10/27/flash-review-oh-my-ghostess/,B+,2015
Oh My Venus,http://thefangirlverdict.com/2016/01/15/review-oh-my-venus/,C++,2016
Oh! Master [Oh! My Ladylord],https://thefangirlverdict.com/2021/05/23/dropped-oh-master-oh-my-ladylord/,D,2021
Oh No! Here Comes Trouble [Taiwan],https://thefangirlverdict.com/2023/06/19/review-oh-no-here-comes-trouble-taiwan/,B++,2023
Ojakgyo Brothers,http://thefangirlverdict.com/2013/04/15/review-ojakgyo-brothers/,A+,2013
Okay! Madam [Movie],https://thefangirlverdict.com/2022/04/22/flash-review-okay-madam/,B+,2022
Old Enough [Japan] [Reality],https://thefangirlverdict.com/2022/05/16/flash-review-old-enough-japan-reality/,A-,2022
"One And Only, The",https://thefangirlverdict.com/2022/06/06/dropped-the-one-and-only/,D,2022
One Day Destruction Came To My Door [Doom At Your Service],https://thefangirlverdict.com/2021/07/08/dropped-doom-at-your-service/,D,2021
One More Happy Ending,http://thefangirlverdict.com/2016/05/18/flash-review-one-more-happy-ending/,B-,2016
One Spring Night,http://thefangirlverdict.com/2019/07/25/review-one-spring-night/,B++,2019
One Sunny Day [Web Drama],https://thefangirlverdict.com/2021/07/30/flash-review-one-sunny-day-web-drama/,B+,2021
One Warm Word,http://thefangirlverdict.com/2014/10/11/review-one-warm-word/,A,2014
Only You [Always] [Movie],https://thefangirlverdict.com/2021/10/29/flash-review-always-only-you-movie/,B+,2021
Operation Proposal,http://thefangirlverdict.com/2012/12/12/review-operation-proposal/,B+,2012
Orange Marmalade,http://thefangirlverdict.com/2015/07/29/flash-review-orange-marmalade/,B-,2015
Our Beloved Summer,https://thefangirlverdict.com/2022/02/24/review-our-beloved-summer/,B++,2022
Our Blooming Youth,https://thefangirlverdict.com/2023/05/07/review-our-blooming-youth/,B-,2023
Our Blues,https://thefangirlverdict.com/2022/07/31/review-our-blues/,A-,2022
Our Season [Korea] [Movie],https://thefangirlverdict.com/2025/01/20/flash-review-our-season-koreamovie/,A-,2025
Our Times [TW Movie],http://thefangirlverdict.com/2016/05/07/flash-review-our-times-tw-movie/,A-,2016
Our Unwritten Seoul,https://thefangirlverdict.com/2025/07/13/review-our-unwritten-seoul/,A+,2025
Pachinko,https://thefangirlverdict.com/2022/05/06/review-pachinko/,A-,2022
Padam Padam,http://thefangirlverdict.com/2012/12/12/review-padam-padam/,A,2012
Page Turner,http://thefangirlverdict.com/2016/07/12/flash-review-page-turner/,A,2016
Panda and Hedgehog,http://thefangirlverdict.com/2012/12/12/review-panda-and-hedgehog/,C-,2012
Perfect And Casual [China],https://thefangirlverdict.com/2024/11/04/flash-review-perfect-and-casual-china/,B-,2024
Perfect Marriage Revenge,https://thefangirlverdict.com/2024/02/19/review-perfect-marriage-revenge/,B+,2024
"Piece Of Your Mind, A",http://thefangirlverdict.com/2020/07/03/review-a-piece-of-your-mind/,B+,2020
Please Check The Event [Check Out The Event] [Drama Special],https://thefangirlverdict.com/2021/10/10/flash-review-check-out-the-event-drama-special/,B-,2021
Please Send A Fan Letter,https://thefangirlverdict.com/2023/03/13/flash-review-fan-letter-please/,B+,2023
Plus Nine Boys,http://thefangirlverdict.com/2015/01/14/flash-review-plus-nine-boys/,B+,2015
"Poem A Day, A [You Who Forgot Poetry]",http://thefangirlverdict.com/2018/08/04/flash-review-a-poem-a-day-you-who-forgot-poetry/,B,2018
Positive Physique [Positive Constitution] [Be Positive] [Web Drama],https://thefangirlverdict.com/2021/01/25/flash-review-be-positive-web-drama/,B-,2021
Pretty Noona Who Buys Me Food [Something In The Rain],http://thefangirlverdict.com/2018/07/08/review-pretty-noona-who-buys-me-food-something-in-the-rain/,C,2018
Prime Minister and I,http://thefangirlverdict.com/2014/05/25/review-prime-minister-and-i/,B-,2014
Prince Hours [Goong S],http://thefangirlverdict.com/2015/11/02/flash-review-goong-s-prince-hours/,C+,2015
Princess Hours [Goong],http://thefangirlverdict.com/2015/08/13/review-goong-princess-hours/,B+,2015
"Princess Royal, The [China]",https://thefangirlverdict.com/2024/09/15/review-the-princess-royal-china/,B,2024
"Princess’ Man, The",http://thefangirlverdict.com/2013/02/04/review-the-princess-man/,A,2013
Prison Playbook [Wise Prison Life],http://thefangirlverdict.com/2018/05/27/review-prison-playbook-wise-prison-life/,A-,2018
"Prisoner Of Beauty, The [China]",https://thefangirlverdict.com/2025/07/27/review-the-prisoner-of-beauty-china/,B+,2025
Producer,http://thefangirlverdict.com/2015/07/15/flash-review-producer/,B+,2015
Psycho But It’s Okay [It’s Okay To Not Be Okay],https://thefangirlverdict.com/2020/09/23/review-its-okay-to-not-be-okay/,A,2020
Put Your Head On My Shoulder [China],http://thefangirlverdict.com/2019/05/23/flash-review-put-your-head-on-my-shoulder-china/,B++,2019
Queen Cheorin [Mr. Queen],https://thefangirlverdict.com/2021/04/13/review-mr-queen/,B++,2021
Queen In-hyun’s Man,http://thefangirlverdict.com/2012/12/12/review-queen-in-hyuns-man/,A+,2012
Queen Of Tears,https://thefangirlverdict.com/2024/05/06/review-queen-of-tears/,A-,2024
Queen Of The Ring [Three Colors Of Fantasies: Gold],http://thefangirlverdict.com/2018/02/13/flash-review-queen-of-the-ring-three-colors-of-fantasies-gold/,B,2018
"Queen’s Umbrella, The",https://thefangirlverdict.com/2022/12/25/review-under-the-queens-umbrella/,A,2022
Racket Boys,https://thefangirlverdict.com/2021/08/24/review-racket-boys/,B++,2021
Radiant [Dazzling] [The Light In Your Eyes],http://thefangirlverdict.com/2019/04/29/flash-review-the-light-in-your-eyes-dazzling/,A,2019
Radio Romance,http://thefangirlverdict.com/2018/03/28/dropped-radio-romance/,D,2018
Rain Or Shine [Just Between Lovers],http://thefangirlverdict.com/2018/03/31/flash-review-just-between-lovers/,B+,2018
Rainless Love in a Godless Land [Taiwan],https://thefangirlverdict.com/2022/04/25/review-rainless-love-in-a-godless-land-taiwan/,B+,2022
"Rational Life, The [China]",https://thefangirlverdict.com/2021/11/12/review-the-rational-life-china/,B+,2021
Reach Of Sincerity [Touch Your Heart],http://thefangirlverdict.com/2019/05/05/review-touch-your-heart-reach-of-sincerity/,B+,2019
"Reason I’m Getting Married, The [Drama Special]",http://thefangirlverdict.com/2015/03/11/flash-review-drama-special-the-reason-im-getting-married/,B+,2015
"Reason We Can’t Sleep, The [Drama Special]",https://thefangirlverdict.com/2021/11/16/flash-review-the-reason-we-cant-sleep-drama-special/,B,2021
"Reason Why I Can’t Tell You, The [Drama Special]",https://thefangirlverdict.com/2021/08/27/flash-review-the-reason-why-i-cant-tell-you-drama-special/,B+,2021
Reborn Rich,https://thefangirlverdict.com/2023/01/02/review-reborn-rich/,B++,2023
Recipe For Farewell,https://thefangirlverdict.com/2023/01/29/review-recipe-for-farewell/,B++,2023
Record Of Youth [Youth Record],https://thefangirlverdict.com/2020/12/07/review-record-of-youth/,B,2020
Red Single Heart [Bloody Heart],https://thefangirlverdict.com/2022/07/18/review-bloody-heart/,B+,2022
Red Sky [Lovers Of The Red Sky],https://thefangirlverdict.com/2021/10/21/dropped-lovers-of-the-red-sky/,D,2021
"Red Sleeve, The",https://thefangirlverdict.com/2022/02/22/review-the-red-sleeve/,A,2022
Red Swan,https://thefangirlverdict.com/2024/08/04/review-red-swan/,B,2024
"Red Teacher, The [Drama Special]",https://thefangirlverdict.com/2021/08/13/flash-review-the-red-teacher-drama-special/,A-,2021
Reincarnation Love [Mini Drama],https://thefangirlverdict.com/2022/01/07/flash-review-reincarnation-love/,B+,2022
"Reply 1988 [Answer Me, 1988]",http://thefangirlverdict.com/2016/02/21/review-answer-me-1988-reply-1988/,A,2016
"Reply 1994 [Answer Me, 1994]",http://thefangirlverdict.com/2015/04/01/review-answer-me-1994-reply-1994/,A-,2015
"Reply 1997 [Answer Me, 1997]",http://thefangirlverdict.com/2012/12/15/review-answer-me-1997/,A-,2012
Reset [China],https://thefangirlverdict.com/2022/04/12/review-reset-china/,A ,2022
Resident Playbook,https://thefangirlverdict.com/2025/06/02/review-resident-playbook/,A-,2025
Review Notebook Of My Embarrassing Days [Drama Special],https://thefangirlverdict.com/2021/01/31/flash-review-review-notebook-of-my-embarrassing-days-drama-special/,B++,2021
"Rich Man, Poor Woman [Japan]",http://thefangirlverdict.com/2017/11/27/flash-review-rich-man-poor-woman-japan/,C+,2017
"Rise Of Phoenixes, The [China]",https://thefangirlverdict.com/2021/01/16/flash-review-the-rise-of-phoenixes-china/,B,2021
River Where The Moon Rises,https://thefangirlverdict.com/2021/12/21/dropped-river-where-the-moon-rises/,D,2021
Romance Full Of Life [Three Colors Of Fantasies: Green],http://thefangirlverdict.com/2018/03/01/flash-review-romance-full-of-life-three-colors-of-fantasies-green/,B-,2018
Romance In The House,https://thefangirlverdict.com/2024/11/10/review-romance-in-the-house/,B,2024
Romance Is A Bonus Book,http://thefangirlverdict.com/2019/04/22/review-romance-is-a-bonus-book/,A,2019
"Romance Of Tiger And Rose, The [China]",https://thefangirlverdict.com/2020/10/10/flash-review-the-romance-of-tiger-and-rose-china/,B,2020
Romantic Doctor Teacher Kim 2,https://thefangirlverdict.com/2023/05/21/flash-review-dr-romantic-2/,A-,2023
Romantic Doctor Teacher Kim 3,https://thefangirlverdict.com/2023/08/14/review-dr-romantic-3/,B++,2023
Romantics Anonymous [Japan],https://thefangirlverdict.com/2025/11/30/review-romantics-anonymous-japan/,B++,2025
Rooftop Prince,http://thefangirlverdict.com/2012/12/12/review-rooftop-prince/,B+,2012
Rookie Historian Goo Hae Ryung,http://thefangirlverdict.com/2019/10/17/flash-review-rookie-historian-goo-hae-ryung/,B,2019
"Rose And A Tulip, A [Japan] [Movie]",https://thefangirlverdict.com/2022/03/13/flash-review-a-rose-and-a-tulip-japan-movie/,B,2022
Run On,https://thefangirlverdict.com/2021/04/12/review-run-on/,B,2021
Sado [The Throne] [Movie],http://thefangirlverdict.com/2016/04/18/flash-review-the-throne-sado-movie/,A-,2016
Sassy Go Go [Cheer Up],http://thefangirlverdict.com/2015/11/29/review-sassy-go-go-cheer-up/,B,2015
Secret Affair [Secret Love Affair],http://thefangirlverdict.com/2014/09/12/review-secret-love-affair/,A++,2014
Serendipity’s Embrace,https://thefangirlverdict.com/2024/09/02/review-serendipitys-embrace/,B,2024
Scholar Who Walks The Night,http://thefangirlverdict.com/2015/11/02/flash-review-scholar-who-walks-the-night/,C+,2015
School 2013,http://thefangirlverdict.com/2013/05/14/review-school-2013/,A+,2013
School 2017,http://thefangirlverdict.com/2017/10/25/dropped-school-2017/,D,2017
"School Nurse Files, The",https://thefangirlverdict.com/2020/11/17/flash-review-the-school-nurse-files/,B ,2020
Scripting Your Destiny,https://thefangirlverdict.com/2021/06/04/review-scripting-your-destiny/,B+,2021
Search: WWW,http://thefangirlverdict.com/2019/09/23/review-search-www/,A,2019
"Secret Life Of My Secretary, The",http://thefangirlverdict.com/2020/04/10/review-the-secret-life-of-my-secretary/,B,2020
Secret Love – Have You Ever Had Coffee With An Angel?,http://thefangirlverdict.com/2015/03/06/flash-review-secret-love-have-you-ever-had-coffee-with-an-angel/,B,2015
Secret Love Affair [Secret Affair],http://thefangirlverdict.com/2014/09/12/review-secret-love-affair/,A++,2014
"Secret Message, The",http://thefangirlverdict.com/2015/11/25/dropped-the-secret-message/,D,2015
See You In My 19th Life,https://thefangirlverdict.com/2023/07/31/review-see-you-in-my-19th-life/,B+,2023
Sensory Couple [The Girl Who Sees Smells],http://thefangirlverdict.com/2015/06/23/flash-review-sensory-couple-the-girl-who-sees-smells/,C+,2015
Seobok [Movie],https://thefangirlverdict.com/2022/02/06/flash-review-seobok-movie/,B,2022
Seven First Kisses,http://thefangirlverdict.com/2017/01/05/flash-review-seven-first-kisses/,B,2017
Shan Shan Comes To Eat [Boss & Me] [China],http://thefangirlverdict.com/2017/11/01/flash-review-shan-shan-comes-to-eat-boss-me-china/,B,2017
Shanai Marriage Honey [Japan],https://thefangirlverdict.com/2021/02/12/flash-review-shanai-marriage-honey-japan/,B+,2021
Shark: The Beginning [Movie],https://thefangirlverdict.com/2022/05/30/flash-review-shark-the-beginning-movie/,B+,2022
"Sharply Graceful Girl, A [Japan]",http://thefangirlverdict.com/2020/03/31/flash-review-a-sharply-graceful-girl-japan/,B,2020
She is WOW,http://thefangirlverdict.com/2015/03/01/flash-review-she-is-wow/,C+,2015
She Was Pretty,http://thefangirlverdict.com/2015/11/17/review-she-was-pretty/,A,2015
She Would Never Know [Sunbae Don’t Put On That Lipstick],https://thefangirlverdict.com/2021/04/20/review-she-would-never-know/,A,2021
Shin’s Project,https://thefangirlverdict.com/2025/11/16/review-shins-project/,B+,2025
Shining For One Thing [China],https://thefangirlverdict.com/2022/09/05/review-shining-for-one-thing-china/,B++,2022
Shut Up Flower Boy Band,http://thefangirlverdict.com/2012/12/12/review-shut-up-flower-boy-band/,A+,2012
Silent [Japan],https://thefangirlverdict.com/2023/05/28/review-silent-japan/,A,2023
"Silent Sea, The",https://thefangirlverdict.com/2022/06/13/flash-review-the-silent-sea/,B-,2022
Sisyphus: The Myth,https://thefangirlverdict.com/2021/05/09/review-sisyphus-the-myth/,B-,2021
SKY Castle,http://thefangirlverdict.com/2019/02/08/review-sky-castle/,A,2019
Slave Hunter [Chuno],http://thefangirlverdict.com/2013/07/27/review-chuno-slave-hunter/,A++,2013
Sleeping Jukujo [Nemureru Mori no Jukujo] [Japan],http://thefangirlverdict.com/2020/02/28/flash-review-nemureru-mori-no-jukujo-sleeping-jukujo-japan/,B+,2020
Sly and Single Again [Cunning Single Lady],http://thefangirlverdict.com/2014/07/24/review-cunning-single-lady-sly-and-single-again/,B+,2014
Smart Doctor Living [Hospital Playlist],http://thefangirlverdict.com/2020/07/16/review-hospital-playlist/,A-,2020
Smart Prison Living [Prison Playbook],http://thefangirlverdict.com/2018/05/27/review-prison-playbook-wise-prison-life/,A-,2018
"Smile Has Left Your Eyes, The [Hundred Million Stars From The Sky]",http://thefangirlverdict.com/2019/05/28/flash-review-the-smile-has-left-your-eyes-hundred-million-stars-from-the-sky/,B,2019
Snowdrop,https://thefangirlverdict.com/2022/02/12/dropped-snowdrop/,D,2022
Someday Or One Day [Taiwan],https://thefangirlverdict.com/2020/12/22/review-someday-or-one-day-taiwan/,A+ ,2020
Someday Or One Day [Movie] [Taiwan],https://thefangirlverdict.com/2023/02/20/review-someday-or-one-day-taiwanmovie/,A-,2023
Something About 1% [1% of Anything],http://thefangirlverdict.com/2017/04/29/flash-review-something-about-1-1-of-anything/,B+,2017
Something In The Rain [Pretty Noona Who Buys Me Food],http://thefangirlverdict.com/2018/07/08/review-pretty-noona-who-buys-me-food-something-in-the-rain/,C,2018
"Sound Of Magic, The",https://thefangirlverdict.com/2022/06/05/review-the-sound-of-magic/,B,2022
Soundtrack #1 [Mini Series],https://thefangirlverdict.com/2022/04/18/review-soundtrack-1-mini-series/,B++,2022
Spice Up Our Love,https://thefangirlverdict.com/2024/10/14/flash-review-spice-up-our-love/,B+,2024
Splash Splash Love,http://thefangirlverdict.com/2015/12/24/flash-review-splash-splash-love/,A,2015
Squid Game,https://thefangirlverdict.com/2021/10/09/review-squid-game/,A- ,2021
Star Of The Universe [Three Colors Of Fantasies: White],http://thefangirlverdict.com/2018/03/14/flash-review-star-of-the-universe-three-colors-of-fantasies-white/,B++,2018
Start-Up,https://thefangirlverdict.com/2021/02/04/review-start-up/,B,2021
Still 17 [Thirty But Seventeen],http://thefangirlverdict.com/2018/11/08/review-thirty-but-seventeen-still-17/,A-,2018
"Story Of Minglan, The [China]",http://thefangirlverdict.com/2019/10/05/flash-review-the-story-of-minglan-china/,B+,2019
"Story Of Park’s Marriage Contract, The",https://thefangirlverdict.com/2024/01/21/review-the-story-of-parks-marriage-contract/,B-,2024
Stove League,http://thefangirlverdict.com/2020/03/30/flash-review-stove-league/,B++,2020
Strange Lawyer Woo Young Woo,https://thefangirlverdict.com/2022/09/25/review-extraordinary-attorney-woo/,B+,2022
Strong Woman Do Bong Soon,http://thefangirlverdict.com/2018/02/20/review-strong-woman-do-bong-soon/,B,2018
Study Group,https://thefangirlverdict.com/2025/04/06/flash-review-study-group/,B+,2025
Suddenly Seventeen [Chinese Movie],http://thefangirlverdict.com/2017/06/12/flash-review-suddenly-seventeen-chinese-movie/,B+,2017
Suddenly This Summer [China],http://thefangirlverdict.com/2019/08/15/flash-review-suddenly-this-summer-china/,B++,2019
Suits,http://thefangirlverdict.com/2018/06/27/flash-review-suits/,B,2018
Sunbae Don’t Put On That Lipstick [She Would Never Know],https://thefangirlverdict.com/2021/04/20/review-she-would-never-know/,A,2021
Sungkyunkwan Scandal,http://thefangirlverdict.com/2015/03/06/review-sungkyunkwan-scandal/,A,2015
Sunset In My Hometown [Movie],https://thefangirlverdict.com/2021/12/25/flash-review-sunset-in-my-hometown-movie/,B++,2021
Surplus Princess,http://thefangirlverdict.com/2015/07/03/flash-review-surplus-princess/,C++,2015
"Suspect, The [Movie]",http://thefangirlverdict.com/2014/01/16/review-the-suspect-guest-post/,B,2014
Suspicious Partner,http://thefangirlverdict.com/2017/10/03/review-suspicious-partner/,B+,2017
Sweet Home,https://thefangirlverdict.com/2021/03/11/flash-review-sweet-home/,B+,2021
"Swordsman, The [Movie]",https://thefangirlverdict.com/2022/04/17/flash-review-the-swordsman-movie/,B,2022
Takane And Hana [Takane to Hana] [Japan],https://thefangirlverdict.com/2021/08/20/flash-review-takane-and-hana-takane-to-hanajapan/,B,2021
"Tale Of Lady Ok, The",https://thefangirlverdict.com/2025/02/16/review-the-tale-of-lady-ok/,B++,2025
"Tale Of Nokdu, The",http://thefangirlverdict.com/2019/12/01/review-the-tale-of-nokdu/,B,2019
"Tale Of Rose, The [China]",https://thefangirlverdict.com/2024/08/25/review-the-tale-of-rose-china/,B++,2024
"Taste of Curry, The [Drama Special]",http://thefangirlverdict.com/2015/05/10/flash-review-the-taste-of-curry-drama-special/,B+,2015
Taxi Driver,https://thefangirlverdict.com/2021/11/22/dropped-taxi-driver/,D,2021
"Technicians, The [Movie]",http://thefangirlverdict.com/2015/03/09/review-the-technicians-movie/,B,2015
Tell Me That You Love Me,https://thefangirlverdict.com/2025/01/06/review-tell-me-that-you-love-me/,B+,2025
Tell Me Your Wish [If You Wish Upon Me],https://thefangirlverdict.com/2022/11/20/review-if-you-wish-upon-me/,B+,2022
Temperature Of Love,http://thefangirlverdict.com/2017/11/28/dropped-temperature-of-love/,D,2017
Tempest,https://thefangirlverdict.com/2025/10/19/review-tempest/,B,2025
Terius Behind Me [My Secret Terius],http://thefangirlverdict.com/2019/02/17/flash-review-terius-behind-me-my-secret-terius/,B,2019
"Three Lives Three Worlds, Ten Miles of Peach Blossoms [China]",http://thefangirlverdict.com/2017/04/13/flash-review-ten-miles-of-peach-blossom-china/,A-,2017
"That Winter, The Wind Blows",http://thefangirlverdict.com/2013/08/21/review-that-winter-the-wind-blows/,C+,2013
The 1st Shop Of Coffee Prince [Coffee Prince],http://thefangirlverdict.com/2019/01/03/review-coffee-prince/,A,2019
The Advisors Alliance [China],http://thefangirlverdict.com/2018/02/15/dropped-the-advisors-alliance-china/,D,2018
The Atypical Family,https://thefangirlverdict.com/2024/06/23/review-the-atypical-family/,B+,2024
The Ballot [IntoThe Ring] [Memorials],https://thefangirlverdict.com/2020/11/13/review-into-the-ring-memorials/,B+,2020
The Beauty Inside [Drama],http://thefangirlverdict.com/2018/12/19/review-beauty-inside/,B+,2018
The Beauty Inside [Movie],http://thefangirlverdict.com/2016/01/06/flash-review-beauty-inside-movie/,B,2016
The Best Day Of My Life [China],https://thefangirlverdict.com/2025/01/31/flash-review-the-best-day-of-my-life-china/,B-,2025
The Best Hit,http://thefangirlverdict.com/2017/10/28/flash-review-the-best-hit/,B-,2017
The Best Thing [China],https://thefangirlverdict.com/2025/05/25/review-the-best-thing-china/,B+,2025
The Bond [China],https://thefangirlverdict.com/2022/01/14/review-the-bond-china/,B++,2022
The Crowned Clown,http://thefangirlverdict.com/2019/03/25/review-the-crowned-clown/,A,2019
The Devil Judge,https://thefangirlverdict.com/2021/09/20/review-the-devil-judge/,B-,2021
The Dude In Me [Inside Me] [Movie],http://thefangirlverdict.com/2019/04/13/flash-review-the-dude-in-me-inside-me-movie/,C++,2019
The Equator Man,http://thefangirlverdict.com/2013/01/17/review-the-equator-man/,C,2013
The Eternal Love [China],http://thefangirlverdict.com/2017/10/02/flash-review-the-eternal-love-china/,C,2017
The Final Match [Last Match],http://thefangirlverdict.com/2015/05/25/flash-review-the-final-match-last-match/,B-,2015
The First Frost [China],https://thefangirlverdict.com/2025/04/27/review-the-first-frost-china/,B++,2025
The First Half Of My Life [China],http://thefangirlverdict.com/2018/01/12/flash-review-the-first-half-of-my-life-china/,A,2018
The First Night with the Duke,https://thefangirlverdict.com/2025/08/03/review-the-first-night-with-the-duke/,B,2025
The Flower Of Evil,https://thefangirlverdict.com/2020/11/21/review-flower-of-evil/,B,2020
The Full-Time Wife Escapist [Japan] [We Married As A Job],https://thefangirlverdict.com/2017/09/14/flash-review-we-married-as-a-job-japan/,A-,2017
The Girl Who Sees Smells [Sensory Couple],http://thefangirlverdict.com/2015/06/23/flash-review-sensory-couple-the-girl-who-sees-smells/,C+,2015
The Glory [Part 1],https://thefangirlverdict.com/2023/02/27/review-the-glory-part-1/,B++,2023
The Glory [Part 2],https://thefangirlverdict.com/2023/04/16/review-the-glory-part-2/,B+,2023
The Haunted Palace,https://thefangirlverdict.com/2025/06/15/review-the-haunted-palace/,B+,2025
The Heavenly Idol,https://thefangirlverdict.com/2023/04/23/review-the-heavenly-idol/,C+,2023
The Heirs [Heirs],http://thefangirlverdict.com/2014/01/31/review-heirs/,C+,2014
The Impossible Heir,https://thefangirlverdict.com/2024/03/19/dropped-the-impossible-heir/,D,2024
The Innocent Man [Nice Guy],http://thefangirlverdict.com/2015/05/15/flash-review-nice-guy-the-innocent-man/,B,2015
The Judge From Hell,https://thefangirlverdict.com/2024/11/24/review-the-judge-from-hell/,B+,2024
The K2,http://thefangirlverdict.com/2017/02/06/dropped-the-k2/,D,2017
The King 2 Hearts,http://thefangirlverdict.com/2012/12/12/review-the-king-2-hearts/,A,2012
The King Loves,http://thefangirlverdict.com/2017/10/20/review-the-king-loves/,B,2017
The King: Eternal Monarch,https://thefangirlverdict.com/2020/10/25/review-the-king-eternal-monarch/,B,2020
The King’s Affection,https://thefangirlverdict.com/2022/02/17/review-the-kings-affection/,B,2022
"The King’s Daughter, Soo Baek Hyang",http://thefangirlverdict.com/2015/02/26/review-kings-daughter-soo-baek-hyang/,B,2015
The Last Empress [An Empress’s Dignity],http://thefangirlverdict.com/2019/02/27/flash-review-the-last-empress-an-empresss-dignity/,B,2019
The Light In Your Eyes [Dazzling] [Radiant],http://thefangirlverdict.com/2019/04/29/flash-review-the-light-in-your-eyes-dazzling/,A,2019
The Longest Day in Chang’an [China],http://thefangirlverdict.com/2019/12/20/flash-review-the-longest-day-in-changan-china/,B+,2019
The Lord of the Drama [King of Dramas],http://thefangirlverdict.com/2013/09/23/review-king-of-dramas/,A-,2013
The Love Knot: His Excellency’s First Love [Moonshine And Valentine] [China],http://thefangirlverdict.com/2018/06/30/flash-review-moonshine-and-valentine-the-love-knot-his-excellencys-first-love-china/,C+,2018
The Love You Give Me [China],https://thefangirlverdict.com/2023/09/24/flash-review-the-love-you-give-me-china/,B+,2023
The Magician [Movie],http://thefangirlverdict.com/2016/03/22/flash-review-the-magician-movie/,B-,2016
The Makanai: Cooking for the Maiko House [Japan],https://thefangirlverdict.com/2023/02/19/review-the-makanai-cooking-for-the-maiko-house-japan/,B++,2023
The Master’s Sun,http://thefangirlverdict.com/2014/03/14/review-masters-sun/,B-,2014
The Midnight Romance in Hagwon,https://thefangirlverdict.com/2024/07/21/review-the-midnight-romance-in-hagwon/,B,2024
The Moon that Embraces the Sun,http://thefangirlverdict.com/2012/12/12/review-the-moon-that-embraces-the-sun/,A-,2012
The One And Only,https://thefangirlverdict.com/2022/06/06/dropped-the-one-and-only/,D,2022
The Princess Royal [China],https://thefangirlverdict.com/2024/09/15/review-the-princess-royal-china/,B,2024
The Princess’s Man,http://thefangirlverdict.com/2013/02/04/review-the-princess-man/,A,2013
The Prisoner Of Beauty [China],https://thefangirlverdict.com/2025/07/27/review-the-prisoner-of-beauty-china/,B+,2025
The Queen’s Umbrella,https://thefangirlverdict.com/2022/12/25/review-under-the-queens-umbrella/,A,2022
The Rational Life [China],https://thefangirlverdict.com/2021/11/12/review-the-rational-life-china/,B+,2021
The Reason I’m Getting Married [Drama Special],http://thefangirlverdict.com/2015/03/11/flash-review-drama-special-the-reason-im-getting-married/,B+,2015
The Reason We Can’t Sleep [Drama Special],https://thefangirlverdict.com/2021/11/16/flash-review-the-reason-we-cant-sleep-drama-special/,B,2021
The Reason Why I Can’t Tell You [Drama Special],https://thefangirlverdict.com/2021/08/27/flash-review-the-reason-why-i-cant-tell-you-drama-special/,B+,2021
The Red Sleeve,https://thefangirlverdict.com/2022/02/22/review-the-red-sleeve/,A,2022
The Red Teacher [Drama Special],https://thefangirlverdict.com/2021/08/13/flash-review-the-red-teacher-drama-special/,A-,2021
The Rise Of Phoenixes [China],https://thefangirlverdict.com/2021/01/16/flash-review-the-rise-of-phoenixes-china/,B,2021
The Romance Of Tiger And Rose [China],https://thefangirlverdict.com/2020/10/10/flash-review-the-romance-of-tiger-and-rose-china/,B,2020
The School Nurse Files,https://thefangirlverdict.com/2020/11/17/flash-review-the-school-nurse-files/,B ,2020
The Secret Life Of My Secretary,http://thefangirlverdict.com/2020/04/10/review-the-secret-life-of-my-secretary/,B,2020
The Secret Message,http://thefangirlverdict.com/2015/11/25/dropped-the-secret-message/,D,2015
The Silent Sea,https://thefangirlverdict.com/2022/06/13/flash-review-the-silent-sea/,B-,2022
The Slave Hunters [Chuno],http://thefangirlverdict.com/2013/07/27/review-chuno-slave-hunter/,A++,2013
The Smile Has Left Your Eyes [Hundred Million Stars From The Sky],http://thefangirlverdict.com/2019/05/28/flash-review-the-smile-has-left-your-eyes-hundred-million-stars-from-the-sky/,B,2019
The Sound Of Magic,https://thefangirlverdict.com/2022/06/05/review-the-sound-of-magic/,B,2022
The Story Of Minglan [China],http://thefangirlverdict.com/2019/10/05/flash-review-the-story-of-minglan-china/,B+,2019
The Story Of Park’s Marriage Contract,https://thefangirlverdict.com/2024/01/21/review-the-story-of-parks-marriage-contract/,B-,2024
The Suspect [Movie],http://thefangirlverdict.com/2014/01/16/review-the-suspect-guest-post/,B,2014
The Swordsman [Movie],https://thefangirlverdict.com/2022/04/17/flash-review-the-swordsman-movie/,B,2022
The Tale Of Lady Ok,https://thefangirlverdict.com/2025/02/16/review-the-tale-of-lady-ok/,B++,2025
The Tale Of Nokdu,http://thefangirlverdict.com/2019/12/01/review-the-tale-of-nokdu/,B,2019
The Tale Of Rose [China],https://thefangirlverdict.com/2024/08/25/review-the-tale-of-rose-china/,B++,2024
The Taste of Curry [Drama Special],http://thefangirlverdict.com/2015/05/10/flash-review-the-taste-of-curry-drama-special/,B+,2015
The Technicians [Movie],http://thefangirlverdict.com/2015/03/09/review-the-technicians-movie/,B,2015
The Third Charm,http://thefangirlverdict.com/2018/12/13/review-the-third-charm/,B++,2018
The Three Musketeers,http://thefangirlverdict.com/2014/12/09/review-the-three-musketeers/,B,2014
The Throne [Sado] [Movie],http://thefangirlverdict.com/2016/04/18/flash-review-the-throne-sado-movie/,A-,2016
The Trauma Code: Heroes On Call,https://thefangirlverdict.com/2025/03/10/review-the-trauma-code-heroes-on-call/,A-,2025
The Trunk,https://thefangirlverdict.com/2024/12/29/review-the-trunk/,B+,2024
The Tuna And The Dolphin [Drama Special],https://thefangirlverdict.com/2022/03/27/flash-review-the-tuna-and-the-dolphin-drama-special/,B,2022
The Uncanny Counter,https://thefangirlverdict.com/2021/02/20/review-the-uncanny-counter/,B++,2021
The Winning Try,https://thefangirlverdict.com/2025/09/28/review-the-winning-try/,B+,2025
The Witch,https://thefangirlverdict.com/2025/03/30/dropped-the-witch/,D,2025
The Witch’s Diner,https://thefangirlverdict.com/2021/10/15/flash-review-the-witchs-diner/,B,2021
The World Of The Married [A Couple’s World],http://thefangirlverdict.com/2020/07/21/review-a-couples-world-world-of-the-married/,A-,2020
The Worst Of Evil,https://thefangirlverdict.com/2023/12/17/review-the-worst-of-evil/,B+,2023
"Third Charm, The",http://thefangirlverdict.com/2018/12/13/review-the-third-charm/,B++,2018
Thirty But Seventeen [Still 17],http://thefangirlverdict.com/2018/11/08/review-thirty-but-seventeen-still-17/,A-,2018
Thirty-Nine,https://thefangirlverdict.com/2022/03/14/dropped-thirty-nine/,D,2022
This Guy Is The Biggest Mistake In My Life [Japan],http://thefangirlverdict.com/2020/04/23/flash-review-this-guy-is-the-biggest-mistake-in-my-life-japan/,B-,2020
This Life Is Our First [Because This Is My First Life],http://thefangirlverdict.com/2017/12/04/flash-review-because-this-is-my-first-life/,A-,2017
"Three Musketeers, The",http://thefangirlverdict.com/2014/12/09/review-the-three-musketeers/,B,2014
"Throne, The [Sado] [Movie]",http://thefangirlverdict.com/2016/04/18/flash-review-the-throne-sado-movie/,A-,2016
Thumping Spike 2,http://thefangirlverdict.com/2017/02/14/dropped-thumping-spike-2/,D,2017
"Time Called You, A",https://thefangirlverdict.com/2023/11/27/review-a-time-called-you/,B,2023
Timing [Web Drama],https://thefangirlverdict.com/2020/10/14/flash-review-timing-web-drama/,B,2020
To Fly With You [China],https://thefangirlverdict.com/2025/02/03/flash-review-to-fly-with-you-china/,B+,2025
To The Beautiful You,http://thefangirlverdict.com/2012/12/19/review-to-the-beautiful-you/,B,2012
To. Jenny [Drama Special],https://thefangirlverdict.com/2020/11/10/flash-review-to-jenny-drama-special/,B++,2020
Tomorrow Cantabile [Nae Il’s Cantabile] [Cantabile Tomorrow],http://thefangirlverdict.com/2015/07/20/flash-review-cantabile-tomorrow/,B-,2015
Touch Your Heart [Reach Of Sincerity],http://thefangirlverdict.com/2019/05/05/review-touch-your-heart-reach-of-sincerity/,B+,2019
Traces Of Love [Drama Special],https://thefangirlverdict.com/2021/01/04/flash-review-traces-of-love-drama-special/,B+,2021
Train To Busan [Movie],https://thefangirlverdict.com/2022/06/10/flash-review-train-to-busan-movie/,B++,2022
"Trauma Code: Heroes On Call, The",https://thefangirlverdict.com/2025/03/10/review-the-trauma-code-heroes-on-call/,A-,2025
Trip [A Jaunt] [Drama Special],https://thefangirlverdict.com/2020/12/18/flash-review-a-jaunt-drama-special/,B++,2020
True Beauty,https://thefangirlverdict.com/2021/03/23/review-true-beauty/,B+,2021
True To Love [Bo Ra! Deborah],https://thefangirlverdict.com/2023/06/04/review-true-to-love-bo-ra-deborah/,B-,2023
"Trunk, The",https://thefangirlverdict.com/2024/12/29/review-the-trunk/,B+,2024
"Tuna And The Dolphin, The [Drama Special]",https://thefangirlverdict.com/2022/03/27/flash-review-the-tuna-and-the-dolphin-drama-special/,B,2022
Twelve Letters [China],https://thefangirlverdict.com/2026/01/25/review-twelve-letters-china/,A+,2026
Twenty Again,http://thefangirlverdict.com/2015/12/15/review-twenty-again/,A,2015
"Twenty Five, Twenty One",https://thefangirlverdict.com/2022/05/02/review-twenty-five-twenty-one/,A,2022
Twenty Years Old [20’s],http://thefangirlverdict.com/2015/04/10/flash-review-twenty-years-old-20s/,B+,2015
Twinkling Watermelon,https://thefangirlverdict.com/2024/01/14/review-twinkling-watermelon/,A-,2024
Two Lights: Relúmĭno,http://thefangirlverdict.com/2018/03/15/flash-review-two-lights-relumino/,B+,2018
Two Weeks,http://thefangirlverdict.com/2014/07/02/review-two-weeks/,A-,2014
Typhoon Family,https://thefangirlverdict.com/2025/12/21/review-typhoon-family/,B-,2025
"Uncanny Counter, The",https://thefangirlverdict.com/2021/02/20/review-the-uncanny-counter/,B++,2021
Unchained Love [China],https://thefangirlverdict.com/2023/01/22/dropped-unchained-love-china/,D,2023
Uncontrollably Fond,http://thefangirlverdict.com/2016/09/02/dropped-uncontrollably-fond/,D,2016
Uncle,https://thefangirlverdict.com/2022/03/31/review-uncle/,B-,2022
Under The Hawthorn Tree [Chinese Movie],http://thefangirlverdict.com/2017/06/26/flash-review-under-the-hawthorn-tree-chinese-movie/,A,2017
Under The Queen’s Umbrella,https://thefangirlverdict.com/2022/12/25/review-under-the-queens-umbrella/,A,2022
Undercover High School,https://thefangirlverdict.com/2025/04/13/review-undercover-high-school/,B+,2025
Upcoming Summer [China] [Movie],https://thefangirlverdict.com/2022/04/15/flash-review-upcoming-summer-china-movie/,B+,2022
Vampire Prosecutor,http://thefangirlverdict.com/2013/02/13/review-vampire-prosecutor/,A,2013
Vampire Prosecutor 2,http://thefangirlverdict.com/2013/03/01/review-vampire-prosecutor-2/,B+,2013
Vincenzo,https://thefangirlverdict.com/2021/06/10/review-vincenzo/,B++,2021
VIP,http://thefangirlverdict.com/2020/01/30/flash-review-vip/,B++,2020
"Virtuous Business, A",https://thefangirlverdict.com/2024/12/02/review-a-virtuous-business/,B+,2024
W-Two Worlds,http://thefangirlverdict.com/2016/10/08/flash-review-w-two-worlds/,B,2016
Warrior Baek Dong Soo,http://thefangirlverdict.com/2015/08/06/review-warrior-baek-dong-soo/,B-,2015
Way Back Love,https://thefangirlverdict.com/2025/05/11/review-way-back-love/,A-,2025
We Married As A Job [Japan],http://thefangirlverdict.com/2017/09/14/flash-review-we-married-as-a-job-japan/,A-,2017
Weightlifting Fairy Kim Bok Joo,http://thefangirlverdict.com/2017/01/18/review-weightlifting-fairy-kim-bok-joo/,A+,2017
Welcome To Samdalri,https://thefangirlverdict.com/2024/02/18/review-welcome-to-samdalri/,B++,2024
Well Intended Love [China],http://thefangirlverdict.com/2019/05/06/flash-review-well-intended-love-china/,C+,2019
"Werewolf Boy, A [Movie]",http://thefangirlverdict.com/2016/04/07/flash-review-a-werewolf-boy-movie/,A-,2016
What Comes After Love [Korea-Japan],https://thefangirlverdict.com/2024/11/03/flash-review-what-comes-after-love-korea-japan/,B+,2024
What’s Up?,http://thefangirlverdict.com/2013/01/14/review-whats-up/,B,2013
What’s Wrong With Secretary Kim? [Why Secretary Kim],http://thefangirlverdict.com/2018/08/10/flash-review-whats-wrong-with-secretary-kim-why-secretary-kim/,B,2018
When I Fly Towards You [China],https://thefangirlverdict.com/2023/09/11/review-when-i-fly-towards-you-china/,B++,2023
When Life Gives You Tangerines,https://thefangirlverdict.com/2025/04/20/review-when-life-gives-you-tangerines/,A++,2025
When My Love Blooms,https://thefangirlverdict.com/2020/10/21/flash-review-when-my-love-blooms/,C+,2020
When The Camellia Blooms,http://thefangirlverdict.com/2020/02/05/flash-review-when-the-camellia-blooms/,B+,2020
When The Devil Calls Your Name,http://thefangirlverdict.com/2019/12/27/flash-review-when-the-devil-calls-your-name/,B+,2019
When The Phone Rings,https://thefangirlverdict.com/2025/01/13/review-when-the-phone-rings/,B+,2025
When The Weather Is Fine [I’ll Find You When The Weather Is Nice],http://thefangirlverdict.com/2020/06/25/review-when-the-weather-is-fine-ill-find-you-when-the-weather-is-nice/,B,2020
When We Were Young 2018,http://thefangirlverdict.com/2019/03/09/flash-review-when-we-were-young-2018-china/,B+,2019
When You Love Yourself [Web Drama],https://thefangirlverdict.com/2022/03/20/flash-review-when-you-love-yourself-web-drama/,B++,2022
When You Love Yourself 2 [Web Drama],https://thefangirlverdict.com/2022/03/21/flash-review-when-you-love-yourself-2/,B+,2022
Where Stars Land [Fox Bride Star],http://thefangirlverdict.com/2018/12/04/review-fox-bride-star-where-stars-land/,B,2018
Where The Lost Ones Go [China],http://thefangirlverdict.com/2018/03/20/flash-review-where-the-lost-ones-go-china/,C+,2018
White Christmas,http://thefangirlverdict.com/2013/08/12/review-white-christmas/,B-,2013
Who Are You – School 2015,http://thefangirlverdict.com/2015/07/09/review-who-are-you-school-2015/,B,2015
Why Her? [Why Oh Soo Jae?],https://thefangirlverdict.com/2022/07/17/dropped-why-her/,D,2022
Why Secretary Kim [What’s Wrong With Secretary Kim?],http://thefangirlverdict.com/2018/08/10/flash-review-whats-wrong-with-secretary-kim-why-secretary-kim/,B,2018
Wild Romance,http://thefangirlverdict.com/2012/12/22/review-wild-romance/,C+,2012
Will Love in Spring [China],https://thefangirlverdict.com/2024/06/16/review-will-love-in-spring-china/,B+,2024
"Winning Try, The",https://thefangirlverdict.com/2025/09/28/review-the-winning-try/,B+,2025
Wise Doctor Life [Hospital Playlist],http://thefangirlverdict.com/2020/07/16/review-hospital-playlist/,A-,2020
Wise Prison Life [Prison Playbook],http://thefangirlverdict.com/2018/05/27/review-prison-playbook-wise-prison-life/,A-,2018
"Witch, The",https://thefangirlverdict.com/2025/03/30/dropped-the-witch/,D,2025
"Witch’s Diner, The",https://thefangirlverdict.com/2021/10/15/flash-review-the-witchs-diner/,B,2021
Witch’s Romance,http://thefangirlverdict.com/2014/07/15/review-witchs-romance/,A,2014
Wok Of Love [Greasy Melo],http://thefangirlverdict.com/2018/06/16/dropped-greasy-melo-wok-of-love/,D ,2018
Wonderful Days,http://thefangirlverdict.com/2015/09/09/flash-review-wonderful-days/,C++,2015
Wonderful Nightmare [Movie],http://thefangirlverdict.com/2016/02/29/flash-review-wonderful-nightmare-movie/,B,2016
World Of The Married [A Couple’s World],http://thefangirlverdict.com/2020/07/21/review-a-couples-world-world-of-the-married/,A-,2020
"Worst Of Evil, The",https://thefangirlverdict.com/2023/12/17/review-the-worst-of-evil/,B+,2023
Would You Like A Cup Of Coffee? [Mini Series],https://thefangirlverdict.com/2022/04/04/flash-review-would-you-like-a-cup-of-coffee-mini-series/,B+,2022
Would You Marry Me?,https://thefangirlverdict.com/2025/12/07/review-would-you-marry-me/,B,2025
Yong Pal,http://thefangirlverdict.com/2015/12/18/flash-review-yong-pal/,C,2015
You And Everything Else,https://thefangirlverdict.com/2025/11/23/review-you-and-everything-else/,A+,2025
You Are Closer Than I Think [Drama Special],https://thefangirlverdict.com/2021/07/23/flash-review-you-are-closer-than-i-think-drama-special/,B+,2021
You Are My Destiny [Fated To Love You],http://thefangirlverdict.com/2014/10/20/review-fated-to-love-you/,A-,2014
You Are My Hero [China],https://thefangirlverdict.com/2022/06/20/dropped-you-are-my-hero-china/,D,2022
You Are My Lover Friend [China],https://thefangirlverdict.com/2024/11/18/flash-review-you-are-my-lover-friend-china/,B+,2024
You Are My Secret [China],https://thefangirlverdict.com/2024/09/29/flash-review-you-are-my-secret-china/,B+,2024
You Are My Spring,https://thefangirlverdict.com/2021/11/08/dropped-you-are-my-spring/,D,2021
You From Another Star [My Love From Another Star],http://thefangirlverdict.com/2014/04/26/review-you-from-another-star-my-love-from-another-star/,A+,2014
You Who Forgot Poetry [A Poem A Day],http://thefangirlverdict.com/2018/08/04/flash-review-a-poem-a-day-you-who-forgot-poetry/,B,2018
"You’re Pretty, Oh Man Bok [Drama Special]",https://thefangirlverdict.com/2021/09/24/flash-review-youre-pretty-oh-man-bok-drama-special/,B++,2021
Your Honor [2024],https://thefangirlverdict.com/2024/09/22/review-your-honor/,B+,2024
Your House Helper,http://thefangirlverdict.com/2018/11/11/flash-review-your-house-helper/,C++,2018
Your Name [Japanese Movie],http://thefangirlverdict.com/2017/02/08/flash-review-your-name-japanese-movie/,A+,2017
Youth Of May,https://thefangirlverdict.com/2021/07/03/review-youth-of-may/,A,2021
Youth Record [Record Of Youth],https://thefangirlverdict.com/2020/12/07/review-record-of-youth/,B,2020
Yumi’s Cells,https://thefangirlverdict.com/2021/12/11/review-yumis-cells/,A,2021
Yumi’s Cells 2,https://thefangirlverdict.com/2022/08/15/review-yumis-cells-2/,A-,2022
Zombie Detective,https://thefangirlverdict.com/2021/05/27/flash-review-zombie-detective/,B,2021
Shahz,https://thefangirlverdict.com/2021/12/12/patreon-year-end-awards-shahzs-year-in-dramas/,Patreon 2021 Year End Awards:,2021
Poll,https://thefangirlverdict.com/2021/12/28/2021-year-end-awards-the-poll/,Community 2021 Year End Awards:,2021
phl1rxd,https://thefangirlverdict.com/2022/12/19/patreon-year-end-awards-phl1rxds-year-in-dramas-2/,Patreon 2022 Year End Awards:,2022
Ele,https://thefangirlverdict.com/2023/12/15/patreon-year-end-awards-eles-year-in-dramas-2023/,Patreon 2023 Year End Awards:,2023
Sean,https://thefangirlverdict.com/2024/12/13/patreon-year-end-awards-seans-year-in-dramas-2024/,Patreon 2024 Year End Awards:,2024
Natalia,https://thefangirlverdict.com/2025/12/14/patreon-year-end-awards-natalias-year-in-dramas-2025/,Patreon 2025 Year End Awards:,2025
